"bound","drift","ter","eta_a","cost_ddm","cost_ldc","a0","b0","sub","condition","difflevel","manip","model","eta_b"
NA,NA,NA,322.798994465441,NA,0.00781738722236671,16.1563411400984,10.4072132151385,100,"minus","easy","alpha","alpha",0
NA,NA,NA,322.798994465441,NA,0.00781738722236671,16.1563411400984,10.4072132151385,100,"minus","hard","alpha","alpha",0
NA,NA,NA,322.798994465441,NA,0.00781738722236671,16.1563411400984,10.4072132151385,100,"minus","medium","alpha","alpha",0
NA,NA,NA,322.798994465441,NA,0.00781738722236671,16.1563411400984,10.4072132151385,100,"plus","easy","alpha","alpha",0
NA,NA,NA,322.798994465441,NA,0.00781738722236671,16.1563411400984,10.4072132151385,100,"plus","hard","alpha","alpha",0
NA,NA,NA,322.798994465441,NA,0.00781738722236671,16.1563411400984,10.4072132151385,100,"plus","medium","alpha","alpha",0
NA,NA,NA,382.608246996807,NA,0.0111595522992463,21.3841118369848,7.8319142586715,101,"minus","easy","alpha","alpha",0
NA,NA,NA,382.608246996807,NA,0.0111595522992463,21.3841118369848,7.8319142586715,101,"minus","hard","alpha","alpha",0
NA,NA,NA,382.608246996807,NA,0.0111595522992463,21.3841118369848,7.8319142586715,101,"minus","medium","alpha","alpha",0
NA,NA,NA,382.608246996807,NA,0.0111595522992463,21.3841118369848,7.8319142586715,101,"plus","easy","alpha","alpha",0
NA,NA,NA,382.608246996807,NA,0.0111595522992463,21.3841118369848,7.8319142586715,101,"plus","hard","alpha","alpha",0
NA,NA,NA,382.608246996807,NA,0.0111595522992463,21.3841118369848,7.8319142586715,101,"plus","medium","alpha","alpha",0
NA,NA,NA,529.721628649791,NA,0.00754036181016693,14.6896503743374,6.75980601446253,102,"minus","easy","alpha","alpha",0
NA,NA,NA,529.721628649791,NA,0.00754036181016693,14.6896503743374,6.75980601446253,102,"minus","hard","alpha","alpha",0
NA,NA,NA,529.721628649791,NA,0.00754036181016693,14.6896503743374,6.75980601446253,102,"minus","medium","alpha","alpha",0
NA,NA,NA,529.721628649791,NA,0.00754036181016693,14.6896503743374,6.75980601446253,102,"plus","easy","alpha","alpha",0
NA,NA,NA,529.721628649791,NA,0.00754036181016693,14.6896503743374,6.75980601446253,102,"plus","hard","alpha","alpha",0
NA,NA,NA,529.721628649791,NA,0.00754036181016693,14.6896503743374,6.75980601446253,102,"plus","medium","alpha","alpha",0
NA,NA,NA,219.366449531805,NA,0.00709382677698166,20.4313676948546,10.7511054602575,103,"minus","easy","alpha","alpha",0
NA,NA,NA,219.366449531805,NA,0.00709382677698166,20.4313676948546,10.7511054602575,103,"minus","hard","alpha","alpha",0
NA,NA,NA,219.366449531805,NA,0.00709382677698166,20.4313676948546,10.7511054602575,103,"minus","medium","alpha","alpha",0
NA,NA,NA,219.366449531805,NA,0.00709382677698166,20.4313676948546,10.7511054602575,103,"plus","easy","alpha","alpha",0
NA,NA,NA,219.366449531805,NA,0.00709382677698166,20.4313676948546,10.7511054602575,103,"plus","hard","alpha","alpha",0
NA,NA,NA,219.366449531805,NA,0.00709382677698166,20.4313676948546,10.7511054602575,103,"plus","medium","alpha","alpha",0
NA,NA,NA,840.486664130833,NA,0.00469436806930808,39.5713924568862,17.3310400469693,104,"minus","easy","alpha","alpha",0
NA,NA,NA,840.486664130833,NA,0.00469436806930808,39.5713924568862,17.3310400469693,104,"minus","hard","alpha","alpha",0
NA,NA,NA,840.486664130833,NA,0.00469436806930808,39.5713924568862,17.3310400469693,104,"minus","medium","alpha","alpha",0
NA,NA,NA,840.486664130833,NA,0.00469436806930808,39.5713924568862,17.3310400469693,104,"plus","easy","alpha","alpha",0
NA,NA,NA,840.486664130833,NA,0.00469436806930808,39.5713924568862,17.3310400469693,104,"plus","hard","alpha","alpha",0
NA,NA,NA,840.486664130833,NA,0.00469436806930808,39.5713924568862,17.3310400469693,104,"plus","medium","alpha","alpha",0
NA,NA,NA,163.760154006541,NA,0.0105171016580569,49.762326797045,8.66689194387716,105,"minus","easy","alpha","alpha",0
NA,NA,NA,163.760154006541,NA,0.0105171016580569,49.762326797045,8.66689194387716,105,"minus","hard","alpha","alpha",0
NA,NA,NA,163.760154006541,NA,0.0105171016580569,49.762326797045,8.66689194387716,105,"minus","medium","alpha","alpha",0
NA,NA,NA,163.760154006541,NA,0.0105171016580569,49.762326797045,8.66689194387716,105,"plus","easy","alpha","alpha",0
NA,NA,NA,163.760154006541,NA,0.0105171016580569,49.762326797045,8.66689194387716,105,"plus","hard","alpha","alpha",0
NA,NA,NA,163.760154006541,NA,0.0105171016580569,49.762326797045,8.66689194387716,105,"plus","medium","alpha","alpha",0
NA,NA,NA,205.505283243397,NA,0.00920422759587118,8.38528762469984,0.360652081961459,106,"minus","easy","alpha","alpha",0
NA,NA,NA,205.505283243397,NA,0.00920422759587118,8.38528762469984,0.360652081961459,106,"minus","hard","alpha","alpha",0
NA,NA,NA,205.505283243397,NA,0.00920422759587118,8.38528762469984,0.360652081961459,106,"minus","medium","alpha","alpha",0
NA,NA,NA,205.505283243397,NA,0.00920422759587118,8.38528762469984,0.360652081961459,106,"plus","easy","alpha","alpha",0
NA,NA,NA,205.505283243397,NA,0.00920422759587118,8.38528762469984,0.360652081961459,106,"plus","hard","alpha","alpha",0
NA,NA,NA,205.505283243397,NA,0.00920422759587118,8.38528762469984,0.360652081961459,106,"plus","medium","alpha","alpha",0
NA,NA,NA,394.252492482859,NA,0.0130076028039245,17.5128771288753,3.09674082765029,107,"minus","easy","alpha","alpha",0
NA,NA,NA,394.252492482859,NA,0.0130076028039245,17.5128771288753,3.09674082765029,107,"minus","hard","alpha","alpha",0
NA,NA,NA,394.252492482859,NA,0.0130076028039245,17.5128771288753,3.09674082765029,107,"minus","medium","alpha","alpha",0
NA,NA,NA,394.252492482859,NA,0.0130076028039245,17.5128771288753,3.09674082765029,107,"plus","easy","alpha","alpha",0
NA,NA,NA,394.252492482859,NA,0.0130076028039245,17.5128771288753,3.09674082765029,107,"plus","hard","alpha","alpha",0
NA,NA,NA,394.252492482859,NA,0.0130076028039245,17.5128771288753,3.09674082765029,107,"plus","medium","alpha","alpha",0
NA,NA,NA,523.192810283316,NA,0.0117036795492754,41.4495313190855,9.47448718942119,108,"minus","easy","alpha","alpha",0
NA,NA,NA,523.192810283316,NA,0.0117036795492754,41.4495313190855,9.47448718942119,108,"minus","hard","alpha","alpha",0
NA,NA,NA,523.192810283316,NA,0.0117036795492754,41.4495313190855,9.47448718942119,108,"minus","medium","alpha","alpha",0
NA,NA,NA,523.192810283316,NA,0.0117036795492754,41.4495313190855,9.47448718942119,108,"plus","easy","alpha","alpha",0
NA,NA,NA,523.192810283316,NA,0.0117036795492754,41.4495313190855,9.47448718942119,108,"plus","hard","alpha","alpha",0
NA,NA,NA,523.192810283316,NA,0.0117036795492754,41.4495313190855,9.47448718942119,108,"plus","medium","alpha","alpha",0
NA,NA,NA,711.014959080356,NA,0.00728153473180169,23.7446870156765,9.68769159673304,109,"minus","easy","alpha","alpha",0
NA,NA,NA,711.014959080356,NA,0.00728153473180169,23.7446870156765,9.68769159673304,109,"minus","hard","alpha","alpha",0
NA,NA,NA,711.014959080356,NA,0.00728153473180169,23.7446870156765,9.68769159673304,109,"minus","medium","alpha","alpha",0
NA,NA,NA,711.014959080356,NA,0.00728153473180169,23.7446870156765,9.68769159673304,109,"plus","easy","alpha","alpha",0
NA,NA,NA,711.014959080356,NA,0.00728153473180169,23.7446870156765,9.68769159673304,109,"plus","hard","alpha","alpha",0
NA,NA,NA,711.014959080356,NA,0.00728153473180169,23.7446870156765,9.68769159673304,109,"plus","medium","alpha","alpha",0
NA,NA,NA,345.762298602196,NA,0.00526384701387152,18.0721961242335,0.828335354642814,110,"minus","easy","alpha","alpha",0
NA,NA,NA,345.762298602196,NA,0.00526384701387152,18.0721961242335,0.828335354642814,110,"minus","hard","alpha","alpha",0
NA,NA,NA,345.762298602196,NA,0.00526384701387152,18.0721961242335,0.828335354642814,110,"minus","medium","alpha","alpha",0
NA,NA,NA,345.762298602196,NA,0.00526384701387152,18.0721961242335,0.828335354642814,110,"plus","easy","alpha","alpha",0
NA,NA,NA,345.762298602196,NA,0.00526384701387152,18.0721961242335,0.828335354642814,110,"plus","hard","alpha","alpha",0
NA,NA,NA,345.762298602196,NA,0.00526384701387152,18.0721961242335,0.828335354642814,110,"plus","medium","alpha","alpha",0
NA,NA,NA,322.763191739837,NA,0.00774610719535908,13.1681427170625,8.20200981282417,111,"minus","easy","alpha","alpha",0
NA,NA,NA,322.763191739837,NA,0.00774610719535908,13.1681427170625,8.20200981282417,111,"minus","hard","alpha","alpha",0
NA,NA,NA,322.763191739837,NA,0.00774610719535908,13.1681427170625,8.20200981282417,111,"minus","medium","alpha","alpha",0
NA,NA,NA,322.763191739837,NA,0.00774610719535908,13.1681427170625,8.20200981282417,111,"plus","easy","alpha","alpha",0
NA,NA,NA,322.763191739837,NA,0.00774610719535908,13.1681427170625,8.20200981282417,111,"plus","hard","alpha","alpha",0
NA,NA,NA,322.763191739837,NA,0.00774610719535908,13.1681427170625,8.20200981282417,111,"plus","medium","alpha","alpha",0
NA,NA,NA,1032.83904096822,NA,0.00733189146510596,32.1742741391063,10.5724042093711,112,"minus","easy","alpha","alpha",0
NA,NA,NA,1032.83904096822,NA,0.00733189146510596,32.1742741391063,10.5724042093711,112,"minus","hard","alpha","alpha",0
NA,NA,NA,1032.83904096822,NA,0.00733189146510596,32.1742741391063,10.5724042093711,112,"minus","medium","alpha","alpha",0
NA,NA,NA,1032.83904096822,NA,0.00733189146510596,32.1742741391063,10.5724042093711,112,"plus","easy","alpha","alpha",0
NA,NA,NA,1032.83904096822,NA,0.00733189146510596,32.1742741391063,10.5724042093711,112,"plus","hard","alpha","alpha",0
NA,NA,NA,1032.83904096822,NA,0.00733189146510596,32.1742741391063,10.5724042093711,112,"plus","medium","alpha","alpha",0
NA,NA,NA,170.710410793424,NA,0.00981499968386991,3.04270495597809,5.45367833789931,113,"minus","easy","alpha","alpha",0
NA,NA,NA,170.710410793424,NA,0.00981499968386991,3.04270495597809,5.45367833789931,113,"minus","hard","alpha","alpha",0
NA,NA,NA,170.710410793424,NA,0.00981499968386991,3.04270495597809,5.45367833789931,113,"minus","medium","alpha","alpha",0
NA,NA,NA,170.710410793424,NA,0.00981499968386991,3.04270495597809,5.45367833789931,113,"plus","easy","alpha","alpha",0
NA,NA,NA,170.710410793424,NA,0.00981499968386991,3.04270495597809,5.45367833789931,113,"plus","hard","alpha","alpha",0
NA,NA,NA,170.710410793424,NA,0.00981499968386991,3.04270495597809,5.45367833789931,113,"plus","medium","alpha","alpha",0
NA,NA,NA,443.570605790821,NA,0.00617255260835281,13.0029795518642,13.4068790518329,115,"minus","easy","alpha","alpha",0
NA,NA,NA,443.570605790821,NA,0.00617255260835281,13.0029795518642,13.4068790518329,115,"minus","hard","alpha","alpha",0
NA,NA,NA,443.570605790821,NA,0.00617255260835281,13.0029795518642,13.4068790518329,115,"minus","medium","alpha","alpha",0
NA,NA,NA,443.570605790821,NA,0.00617255260835281,13.0029795518642,13.4068790518329,115,"plus","easy","alpha","alpha",0
NA,NA,NA,443.570605790821,NA,0.00617255260835281,13.0029795518642,13.4068790518329,115,"plus","hard","alpha","alpha",0
NA,NA,NA,443.570605790821,NA,0.00617255260835281,13.0029795518642,13.4068790518329,115,"plus","medium","alpha","alpha",0
NA,NA,NA,297.816908423056,NA,0.0101125279892961,17.8491617339366,6.19287275379036,116,"minus","easy","alpha","alpha",0
NA,NA,NA,297.816908423056,NA,0.0101125279892961,17.8491617339366,6.19287275379036,116,"minus","hard","alpha","alpha",0
NA,NA,NA,297.816908423056,NA,0.0101125279892961,17.8491617339366,6.19287275379036,116,"minus","medium","alpha","alpha",0
NA,NA,NA,297.816908423056,NA,0.0101125279892961,17.8491617339366,6.19287275379036,116,"plus","easy","alpha","alpha",0
NA,NA,NA,297.816908423056,NA,0.0101125279892961,17.8491617339366,6.19287275379036,116,"plus","hard","alpha","alpha",0
NA,NA,NA,297.816908423056,NA,0.0101125279892961,17.8491617339366,6.19287275379036,116,"plus","medium","alpha","alpha",0
NA,NA,NA,293.902720009483,NA,0.00670943032578467,13.0647656825183,6.90596780518825,117,"minus","easy","alpha","alpha",0
NA,NA,NA,293.902720009483,NA,0.00670943032578467,13.0647656825183,6.90596780518825,117,"minus","hard","alpha","alpha",0
NA,NA,NA,293.902720009483,NA,0.00670943032578467,13.0647656825183,6.90596780518825,117,"minus","medium","alpha","alpha",0
NA,NA,NA,293.902720009483,NA,0.00670943032578467,13.0647656825183,6.90596780518825,117,"plus","easy","alpha","alpha",0
NA,NA,NA,293.902720009483,NA,0.00670943032578467,13.0647656825183,6.90596780518825,117,"plus","hard","alpha","alpha",0
NA,NA,NA,293.902720009483,NA,0.00670943032578467,13.0647656825183,6.90596780518825,117,"plus","medium","alpha","alpha",0
NA,NA,NA,422.586153706504,NA,0.0110911639119234,20.677899942405,10.0027924320743,118,"minus","easy","alpha","alpha",0
NA,NA,NA,422.586153706504,NA,0.0110911639119234,20.677899942405,10.0027924320743,118,"minus","hard","alpha","alpha",0
NA,NA,NA,422.586153706504,NA,0.0110911639119234,20.677899942405,10.0027924320743,118,"minus","medium","alpha","alpha",0
NA,NA,NA,422.586153706504,NA,0.0110911639119234,20.677899942405,10.0027924320743,118,"plus","easy","alpha","alpha",0
NA,NA,NA,422.586153706504,NA,0.0110911639119234,20.677899942405,10.0027924320743,118,"plus","hard","alpha","alpha",0
NA,NA,NA,422.586153706504,NA,0.0110911639119234,20.677899942405,10.0027924320743,118,"plus","medium","alpha","alpha",0
NA,NA,NA,712.755126301199,NA,0.0114207824442036,42.7709984709509,7.71674781233072,120,"minus","easy","alpha","alpha",0
NA,NA,NA,712.755126301199,NA,0.0114207824442036,42.7709984709509,7.71674781233072,120,"minus","hard","alpha","alpha",0
NA,NA,NA,712.755126301199,NA,0.0114207824442036,42.7709984709509,7.71674781233072,120,"minus","medium","alpha","alpha",0
NA,NA,NA,712.755126301199,NA,0.0114207824442036,42.7709984709509,7.71674781233072,120,"plus","easy","alpha","alpha",0
NA,NA,NA,712.755126301199,NA,0.0114207824442036,42.7709984709509,7.71674781233072,120,"plus","hard","alpha","alpha",0
NA,NA,NA,712.755126301199,NA,0.0114207824442036,42.7709984709509,7.71674781233072,120,"plus","medium","alpha","alpha",0
NA,NA,NA,543.919058757986,NA,0.00845374496712567,41.7476565014836,4.2203318068325,121,"minus","easy","alpha","alpha",0
NA,NA,NA,543.919058757986,NA,0.00845374496712567,41.7476565014836,4.2203318068325,121,"minus","hard","alpha","alpha",0
NA,NA,NA,543.919058757986,NA,0.00845374496712567,41.7476565014836,4.2203318068325,121,"minus","medium","alpha","alpha",0
NA,NA,NA,543.919058757986,NA,0.00845374496712567,41.7476565014836,4.2203318068325,121,"plus","easy","alpha","alpha",0
NA,NA,NA,543.919058757986,NA,0.00845374496712567,41.7476565014836,4.2203318068325,121,"plus","hard","alpha","alpha",0
NA,NA,NA,543.919058757986,NA,0.00845374496712567,41.7476565014836,4.2203318068325,121,"plus","medium","alpha","alpha",0
NA,NA,NA,217.62040151425,NA,0.00775144486634293,19.3659055215816,5.8317623204265,122,"minus","easy","alpha","alpha",0
NA,NA,NA,217.62040151425,NA,0.00775144486634293,19.3659055215816,5.8317623204265,122,"minus","hard","alpha","alpha",0
NA,NA,NA,217.62040151425,NA,0.00775144486634293,19.3659055215816,5.8317623204265,122,"minus","medium","alpha","alpha",0
NA,NA,NA,217.62040151425,NA,0.00775144486634293,19.3659055215816,5.8317623204265,122,"plus","easy","alpha","alpha",0
NA,NA,NA,217.62040151425,NA,0.00775144486634293,19.3659055215816,5.8317623204265,122,"plus","hard","alpha","alpha",0
NA,NA,NA,217.62040151425,NA,0.00775144486634293,19.3659055215816,5.8317623204265,122,"plus","medium","alpha","alpha",0
NA,NA,NA,313.924315851182,NA,0.0057276047843453,38.8562522756806,4.28330209935116,123,"minus","easy","alpha","alpha",0
NA,NA,NA,313.924315851182,NA,0.0057276047843453,38.8562522756806,4.28330209935116,123,"minus","hard","alpha","alpha",0
NA,NA,NA,313.924315851182,NA,0.0057276047843453,38.8562522756806,4.28330209935116,123,"minus","medium","alpha","alpha",0
NA,NA,NA,313.924315851182,NA,0.0057276047843453,38.8562522756806,4.28330209935116,123,"plus","easy","alpha","alpha",0
NA,NA,NA,313.924315851182,NA,0.0057276047843453,38.8562522756806,4.28330209935116,123,"plus","hard","alpha","alpha",0
NA,NA,NA,313.924315851182,NA,0.0057276047843453,38.8562522756806,4.28330209935116,123,"plus","medium","alpha","alpha",0
NA,NA,NA,64.7717454245089,NA,0.0121225036333543,28.3213046181394,9.3240428655569,124,"minus","easy","alpha","alpha",0
NA,NA,NA,64.7717454245089,NA,0.0121225036333543,28.3213046181394,9.3240428655569,124,"minus","hard","alpha","alpha",0
NA,NA,NA,64.7717454245089,NA,0.0121225036333543,28.3213046181394,9.3240428655569,124,"minus","medium","alpha","alpha",0
NA,NA,NA,64.7717454245089,NA,0.0121225036333543,28.3213046181394,9.3240428655569,124,"plus","easy","alpha","alpha",0
NA,NA,NA,64.7717454245089,NA,0.0121225036333543,28.3213046181394,9.3240428655569,124,"plus","hard","alpha","alpha",0
NA,NA,NA,64.7717454245089,NA,0.0121225036333543,28.3213046181394,9.3240428655569,124,"plus","medium","alpha","alpha",0
NA,NA,NA,506.688139256194,NA,0.0055466789614283,48.2732721255161,14.8908639461202,125,"minus","easy","alpha","alpha",0
NA,NA,NA,506.688139256194,NA,0.0055466789614283,48.2732721255161,14.8908639461202,125,"minus","hard","alpha","alpha",0
NA,NA,NA,506.688139256194,NA,0.0055466789614283,48.2732721255161,14.8908639461202,125,"minus","medium","alpha","alpha",0
NA,NA,NA,506.688139256194,NA,0.0055466789614283,48.2732721255161,14.8908639461202,125,"plus","easy","alpha","alpha",0
NA,NA,NA,506.688139256194,NA,0.0055466789614283,48.2732721255161,14.8908639461202,125,"plus","hard","alpha","alpha",0
NA,NA,NA,506.688139256194,NA,0.0055466789614283,48.2732721255161,14.8908639461202,125,"plus","medium","alpha","alpha",0
NA,NA,NA,241.336593166557,NA,0.0121351152106639,44.9442722642622,5.54623539233592,126,"minus","easy","alpha","alpha",0
NA,NA,NA,241.336593166557,NA,0.0121351152106639,44.9442722642622,5.54623539233592,126,"minus","hard","alpha","alpha",0
NA,NA,NA,241.336593166557,NA,0.0121351152106639,44.9442722642622,5.54623539233592,126,"minus","medium","alpha","alpha",0
NA,NA,NA,241.336593166557,NA,0.0121351152106639,44.9442722642622,5.54623539233592,126,"plus","easy","alpha","alpha",0
NA,NA,NA,241.336593166557,NA,0.0121351152106639,44.9442722642622,5.54623539233592,126,"plus","hard","alpha","alpha",0
NA,NA,NA,241.336593166557,NA,0.0121351152106639,44.9442722642622,5.54623539233592,126,"plus","medium","alpha","alpha",0
NA,NA,NA,188.960421585666,NA,0.00549606640101113,36.1818084489866,12.2452474185004,127,"minus","easy","alpha","alpha",0
NA,NA,NA,188.960421585666,NA,0.00549606640101113,36.1818084489866,12.2452474185004,127,"minus","hard","alpha","alpha",0
NA,NA,NA,188.960421585666,NA,0.00549606640101113,36.1818084489866,12.2452474185004,127,"minus","medium","alpha","alpha",0
NA,NA,NA,188.960421585666,NA,0.00549606640101113,36.1818084489866,12.2452474185004,127,"plus","easy","alpha","alpha",0
NA,NA,NA,188.960421585666,NA,0.00549606640101113,36.1818084489866,12.2452474185004,127,"plus","hard","alpha","alpha",0
NA,NA,NA,188.960421585666,NA,0.00549606640101113,36.1818084489866,12.2452474185004,127,"plus","medium","alpha","alpha",0
NA,NA,NA,304.304466456153,NA,0.00942349747989458,36.7169849109998,4.6157064098485,128,"minus","easy","alpha","alpha",0
NA,NA,NA,304.304466456153,NA,0.00942349747989458,36.7169849109998,4.6157064098485,128,"minus","hard","alpha","alpha",0
NA,NA,NA,304.304466456153,NA,0.00942349747989458,36.7169849109998,4.6157064098485,128,"minus","medium","alpha","alpha",0
NA,NA,NA,304.304466456153,NA,0.00942349747989458,36.7169849109998,4.6157064098485,128,"plus","easy","alpha","alpha",0
NA,NA,NA,304.304466456153,NA,0.00942349747989458,36.7169849109998,4.6157064098485,128,"plus","hard","alpha","alpha",0
NA,NA,NA,304.304466456153,NA,0.00942349747989458,36.7169849109998,4.6157064098485,128,"plus","medium","alpha","alpha",0
NA,NA,NA,377.754296613826,NA,0.00816258218430014,26.7558573628776,5.39183437843595,130,"minus","easy","alpha","alpha",0
NA,NA,NA,377.754296613826,NA,0.00816258218430014,26.7558573628776,5.39183437843595,130,"minus","hard","alpha","alpha",0
NA,NA,NA,377.754296613826,NA,0.00816258218430014,26.7558573628776,5.39183437843595,130,"minus","medium","alpha","alpha",0
NA,NA,NA,377.754296613826,NA,0.00816258218430014,26.7558573628776,5.39183437843595,130,"plus","easy","alpha","alpha",0
NA,NA,NA,377.754296613826,NA,0.00816258218430014,26.7558573628776,5.39183437843595,130,"plus","hard","alpha","alpha",0
NA,NA,NA,377.754296613826,NA,0.00816258218430014,26.7558573628776,5.39183437843595,130,"plus","medium","alpha","alpha",0
NA,NA,NA,601.019303880147,NA,0.00547602492483035,28.8981074523087,13.3098876072071,132,"minus","easy","alpha","alpha",0
NA,NA,NA,601.019303880147,NA,0.00547602492483035,28.8981074523087,13.3098876072071,132,"minus","hard","alpha","alpha",0
NA,NA,NA,601.019303880147,NA,0.00547602492483035,28.8981074523087,13.3098876072071,132,"minus","medium","alpha","alpha",0
NA,NA,NA,601.019303880147,NA,0.00547602492483035,28.8981074523087,13.3098876072071,132,"plus","easy","alpha","alpha",0
NA,NA,NA,601.019303880147,NA,0.00547602492483035,28.8981074523087,13.3098876072071,132,"plus","hard","alpha","alpha",0
NA,NA,NA,601.019303880147,NA,0.00547602492483035,28.8981074523087,13.3098876072071,132,"plus","medium","alpha","alpha",0
NA,NA,NA,377.327993386884,NA,0.0114630354476496,18.258416150536,8.26313719892322,1320,"minus","easy","alpha","alpha",0
NA,NA,NA,377.327993386884,NA,0.0114630354476496,18.258416150536,8.26313719892322,1320,"minus","hard","alpha","alpha",0
NA,NA,NA,377.327993386884,NA,0.0114630354476496,18.258416150536,8.26313719892322,1320,"minus","medium","alpha","alpha",0
NA,NA,NA,377.327993386884,NA,0.0114630354476496,18.258416150536,8.26313719892322,1320,"plus","easy","alpha","alpha",0
NA,NA,NA,377.327993386884,NA,0.0114630354476496,18.258416150536,8.26313719892322,1320,"plus","hard","alpha","alpha",0
NA,NA,NA,377.327993386884,NA,0.0114630354476496,18.258416150536,8.26313719892322,1320,"plus","medium","alpha","alpha",0
NA,NA,NA,730.349885299926,NA,0.00914778162936117,31.2510088086128,11.9588229088005,134,"minus","easy","alpha","alpha",0
NA,NA,NA,730.349885299926,NA,0.00914778162936117,31.2510088086128,11.9588229088005,134,"minus","hard","alpha","alpha",0
NA,NA,NA,730.349885299926,NA,0.00914778162936117,31.2510088086128,11.9588229088005,134,"minus","medium","alpha","alpha",0
NA,NA,NA,730.349885299926,NA,0.00914778162936117,31.2510088086128,11.9588229088005,134,"plus","easy","alpha","alpha",0
NA,NA,NA,730.349885299926,NA,0.00914778162936117,31.2510088086128,11.9588229088005,134,"plus","hard","alpha","alpha",0
NA,NA,NA,730.349885299926,NA,0.00914778162936117,31.2510088086128,11.9588229088005,134,"plus","medium","alpha","alpha",0
NA,NA,NA,314.355609895728,NA,0.00705659796824016,21.9501596474817,9.73813066228922,75,"minus","easy","alpha","alpha",0
NA,NA,NA,314.355609895728,NA,0.00705659796824016,21.9501596474817,9.73813066228922,75,"minus","hard","alpha","alpha",0
NA,NA,NA,314.355609895728,NA,0.00705659796824016,21.9501596474817,9.73813066228922,75,"minus","medium","alpha","alpha",0
NA,NA,NA,314.355609895728,NA,0.00705659796824016,21.9501596474817,9.73813066228922,75,"plus","easy","alpha","alpha",0
NA,NA,NA,314.355609895728,NA,0.00705659796824016,21.9501596474817,9.73813066228922,75,"plus","hard","alpha","alpha",0
NA,NA,NA,314.355609895728,NA,0.00705659796824016,21.9501596474817,9.73813066228922,75,"plus","medium","alpha","alpha",0
NA,NA,NA,302.808491231106,NA,0.0089453234251338,15.2532636081432,3.78651234421719,76,"minus","easy","alpha","alpha",0
NA,NA,NA,302.808491231106,NA,0.0089453234251338,15.2532636081432,3.78651234421719,76,"minus","hard","alpha","alpha",0
NA,NA,NA,302.808491231106,NA,0.0089453234251338,15.2532636081432,3.78651234421719,76,"minus","medium","alpha","alpha",0
NA,NA,NA,302.808491231106,NA,0.0089453234251338,15.2532636081432,3.78651234421719,76,"plus","easy","alpha","alpha",0
NA,NA,NA,302.808491231106,NA,0.0089453234251338,15.2532636081432,3.78651234421719,76,"plus","hard","alpha","alpha",0
NA,NA,NA,302.808491231106,NA,0.0089453234251338,15.2532636081432,3.78651234421719,76,"plus","medium","alpha","alpha",0
NA,NA,NA,432.15954672227,NA,0.00531966349064179,6.00409934106071,9.39797618144716,77,"minus","easy","alpha","alpha",0
NA,NA,NA,432.15954672227,NA,0.00531966349064179,6.00409934106071,9.39797618144716,77,"minus","hard","alpha","alpha",0
NA,NA,NA,432.15954672227,NA,0.00531966349064179,6.00409934106071,9.39797618144716,77,"minus","medium","alpha","alpha",0
NA,NA,NA,432.15954672227,NA,0.00531966349064179,6.00409934106071,9.39797618144716,77,"plus","easy","alpha","alpha",0
NA,NA,NA,432.15954672227,NA,0.00531966349064179,6.00409934106071,9.39797618144716,77,"plus","hard","alpha","alpha",0
NA,NA,NA,432.15954672227,NA,0.00531966349064179,6.00409934106071,9.39797618144716,77,"plus","medium","alpha","alpha",0
NA,NA,NA,213.365001277792,NA,0.00902406738883185,26.814397827027,10.1988979872098,78,"minus","easy","alpha","alpha",0
NA,NA,NA,213.365001277792,NA,0.00902406738883185,26.814397827027,10.1988979872098,78,"minus","hard","alpha","alpha",0
NA,NA,NA,213.365001277792,NA,0.00902406738883185,26.814397827027,10.1988979872098,78,"minus","medium","alpha","alpha",0
NA,NA,NA,213.365001277792,NA,0.00902406738883185,26.814397827027,10.1988979872098,78,"plus","easy","alpha","alpha",0
NA,NA,NA,213.365001277792,NA,0.00902406738883185,26.814397827027,10.1988979872098,78,"plus","hard","alpha","alpha",0
NA,NA,NA,213.365001277792,NA,0.00902406738883185,26.814397827027,10.1988979872098,78,"plus","medium","alpha","alpha",0
NA,NA,NA,281.99416972163,NA,0.00782444899853753,15.1210249922663,4.95728400969518,79,"minus","easy","alpha","alpha",0
NA,NA,NA,281.99416972163,NA,0.00782444899853753,15.1210249922663,4.95728400969518,79,"minus","hard","alpha","alpha",0
NA,NA,NA,281.99416972163,NA,0.00782444899853753,15.1210249922663,4.95728400969518,79,"minus","medium","alpha","alpha",0
NA,NA,NA,281.99416972163,NA,0.00782444899853753,15.1210249922663,4.95728400969518,79,"plus","easy","alpha","alpha",0
NA,NA,NA,281.99416972163,NA,0.00782444899853753,15.1210249922663,4.95728400969518,79,"plus","hard","alpha","alpha",0
NA,NA,NA,281.99416972163,NA,0.00782444899853753,15.1210249922663,4.95728400969518,79,"plus","medium","alpha","alpha",0
NA,NA,NA,636.472807881727,NA,0.00390569478796513,20.5763819133528,15.2546781012027,80,"minus","easy","alpha","alpha",0
NA,NA,NA,636.472807881727,NA,0.00390569478796513,20.5763819133528,15.2546781012027,80,"minus","hard","alpha","alpha",0
NA,NA,NA,636.472807881727,NA,0.00390569478796513,20.5763819133528,15.2546781012027,80,"minus","medium","alpha","alpha",0
NA,NA,NA,636.472807881727,NA,0.00390569478796513,20.5763819133528,15.2546781012027,80,"plus","easy","alpha","alpha",0
NA,NA,NA,636.472807881727,NA,0.00390569478796513,20.5763819133528,15.2546781012027,80,"plus","hard","alpha","alpha",0
NA,NA,NA,636.472807881727,NA,0.00390569478796513,20.5763819133528,15.2546781012027,80,"plus","medium","alpha","alpha",0
NA,NA,NA,419.434164143998,NA,0.00883170985944311,27.2542982802333,8.96322146575183,81,"minus","easy","alpha","alpha",0
NA,NA,NA,419.434164143998,NA,0.00883170985944311,27.2542982802333,8.96322146575183,81,"minus","hard","alpha","alpha",0
NA,NA,NA,419.434164143998,NA,0.00883170985944311,27.2542982802333,8.96322146575183,81,"minus","medium","alpha","alpha",0
NA,NA,NA,419.434164143998,NA,0.00883170985944311,27.2542982802333,8.96322146575183,81,"plus","easy","alpha","alpha",0
NA,NA,NA,419.434164143998,NA,0.00883170985944311,27.2542982802333,8.96322146575183,81,"plus","hard","alpha","alpha",0
NA,NA,NA,419.434164143998,NA,0.00883170985944311,27.2542982802333,8.96322146575183,81,"plus","medium","alpha","alpha",0
NA,NA,NA,249.321407023714,NA,0.0084125523457214,45.8454461344839,6.82001187229868,82,"minus","easy","alpha","alpha",0
NA,NA,NA,249.321407023714,NA,0.0084125523457214,45.8454461344839,6.82001187229868,82,"minus","hard","alpha","alpha",0
NA,NA,NA,249.321407023714,NA,0.0084125523457214,45.8454461344839,6.82001187229868,82,"minus","medium","alpha","alpha",0
NA,NA,NA,249.321407023714,NA,0.0084125523457214,45.8454461344839,6.82001187229868,82,"plus","easy","alpha","alpha",0
NA,NA,NA,249.321407023714,NA,0.0084125523457214,45.8454461344839,6.82001187229868,82,"plus","hard","alpha","alpha",0
NA,NA,NA,249.321407023714,NA,0.0084125523457214,45.8454461344839,6.82001187229868,82,"plus","medium","alpha","alpha",0
NA,NA,NA,284.402105034335,NA,0.00948528333640325,7.6824928171882,5.51142090931535,84,"minus","easy","alpha","alpha",0
NA,NA,NA,284.402105034335,NA,0.00948528333640325,7.6824928171882,5.51142090931535,84,"minus","hard","alpha","alpha",0
NA,NA,NA,284.402105034335,NA,0.00948528333640325,7.6824928171882,5.51142090931535,84,"minus","medium","alpha","alpha",0
NA,NA,NA,284.402105034335,NA,0.00948528333640325,7.6824928171882,5.51142090931535,84,"plus","easy","alpha","alpha",0
NA,NA,NA,284.402105034335,NA,0.00948528333640325,7.6824928171882,5.51142090931535,84,"plus","hard","alpha","alpha",0
NA,NA,NA,284.402105034335,NA,0.00948528333640325,7.6824928171882,5.51142090931535,84,"plus","medium","alpha","alpha",0
NA,NA,NA,276.772904364023,NA,0.00744638283621248,9.02600060447378,12.1706501448613,85,"minus","easy","alpha","alpha",0
NA,NA,NA,276.772904364023,NA,0.00744638283621248,9.02600060447378,12.1706501448613,85,"minus","hard","alpha","alpha",0
NA,NA,NA,276.772904364023,NA,0.00744638283621248,9.02600060447378,12.1706501448613,85,"minus","medium","alpha","alpha",0
NA,NA,NA,276.772904364023,NA,0.00744638283621248,9.02600060447378,12.1706501448613,85,"plus","easy","alpha","alpha",0
NA,NA,NA,276.772904364023,NA,0.00744638283621248,9.02600060447378,12.1706501448613,85,"plus","hard","alpha","alpha",0
NA,NA,NA,276.772904364023,NA,0.00744638283621248,9.02600060447378,12.1706501448613,85,"plus","medium","alpha","alpha",0
NA,NA,NA,332.547560710621,NA,0.0083919683737888,27.3440289057965,14.7677806423433,86,"minus","easy","alpha","alpha",0
NA,NA,NA,332.547560710621,NA,0.0083919683737888,27.3440289057965,14.7677806423433,86,"minus","hard","alpha","alpha",0
NA,NA,NA,332.547560710621,NA,0.0083919683737888,27.3440289057965,14.7677806423433,86,"minus","medium","alpha","alpha",0
NA,NA,NA,332.547560710621,NA,0.0083919683737888,27.3440289057965,14.7677806423433,86,"plus","easy","alpha","alpha",0
NA,NA,NA,332.547560710621,NA,0.0083919683737888,27.3440289057965,14.7677806423433,86,"plus","hard","alpha","alpha",0
NA,NA,NA,332.547560710621,NA,0.0083919683737888,27.3440289057965,14.7677806423433,86,"plus","medium","alpha","alpha",0
NA,NA,NA,232.655723129509,NA,0.00424722975748864,44.7701062562281,15.150448662313,87,"minus","easy","alpha","alpha",0
NA,NA,NA,232.655723129509,NA,0.00424722975748864,44.7701062562281,15.150448662313,87,"minus","hard","alpha","alpha",0
NA,NA,NA,232.655723129509,NA,0.00424722975748864,44.7701062562281,15.150448662313,87,"minus","medium","alpha","alpha",0
NA,NA,NA,232.655723129509,NA,0.00424722975748864,44.7701062562281,15.150448662313,87,"plus","easy","alpha","alpha",0
NA,NA,NA,232.655723129509,NA,0.00424722975748864,44.7701062562281,15.150448662313,87,"plus","hard","alpha","alpha",0
NA,NA,NA,232.655723129509,NA,0.00424722975748864,44.7701062562281,15.150448662313,87,"plus","medium","alpha","alpha",0
NA,NA,NA,437.813895070634,NA,0.00829753760038868,36.3944289991627,9.04916745837748,89,"minus","easy","alpha","alpha",0
NA,NA,NA,437.813895070634,NA,0.00829753760038868,36.3944289991627,9.04916745837748,89,"minus","hard","alpha","alpha",0
NA,NA,NA,437.813895070634,NA,0.00829753760038868,36.3944289991627,9.04916745837748,89,"minus","medium","alpha","alpha",0
NA,NA,NA,437.813895070634,NA,0.00829753760038868,36.3944289991627,9.04916745837748,89,"plus","easy","alpha","alpha",0
NA,NA,NA,437.813895070634,NA,0.00829753760038868,36.3944289991627,9.04916745837748,89,"plus","hard","alpha","alpha",0
NA,NA,NA,437.813895070634,NA,0.00829753760038868,36.3944289991627,9.04916745837748,89,"plus","medium","alpha","alpha",0
NA,NA,NA,397.161162094848,NA,0.00830999916823172,22.6548297855887,15.9834866130273,91,"minus","easy","alpha","alpha",0
NA,NA,NA,397.161162094848,NA,0.00830999916823172,22.6548297855887,15.9834866130273,91,"minus","hard","alpha","alpha",0
NA,NA,NA,397.161162094848,NA,0.00830999916823172,22.6548297855887,15.9834866130273,91,"minus","medium","alpha","alpha",0
NA,NA,NA,397.161162094848,NA,0.00830999916823172,22.6548297855887,15.9834866130273,91,"plus","easy","alpha","alpha",0
NA,NA,NA,397.161162094848,NA,0.00830999916823172,22.6548297855887,15.9834866130273,91,"plus","hard","alpha","alpha",0
NA,NA,NA,397.161162094848,NA,0.00830999916823172,22.6548297855887,15.9834866130273,91,"plus","medium","alpha","alpha",0
NA,NA,NA,453.266425660998,NA,0.00565820020955875,3.48014930495992,7.87068603727102,92,"minus","easy","alpha","alpha",0
NA,NA,NA,453.266425660998,NA,0.00565820020955875,3.48014930495992,7.87068603727102,92,"minus","hard","alpha","alpha",0
NA,NA,NA,453.266425660998,NA,0.00565820020955875,3.48014930495992,7.87068603727102,92,"minus","medium","alpha","alpha",0
NA,NA,NA,453.266425660998,NA,0.00565820020955875,3.48014930495992,7.87068603727102,92,"plus","easy","alpha","alpha",0
NA,NA,NA,453.266425660998,NA,0.00565820020955875,3.48014930495992,7.87068603727102,92,"plus","hard","alpha","alpha",0
NA,NA,NA,453.266425660998,NA,0.00565820020955875,3.48014930495992,7.87068603727102,92,"plus","medium","alpha","alpha",0
NA,NA,NA,344.739356546231,NA,0.00825852226734721,12.4441957280524,12.1255102722846,94,"minus","easy","alpha","alpha",0
NA,NA,NA,344.739356546231,NA,0.00825852226734721,12.4441957280524,12.1255102722846,94,"minus","hard","alpha","alpha",0
NA,NA,NA,344.739356546231,NA,0.00825852226734721,12.4441957280524,12.1255102722846,94,"minus","medium","alpha","alpha",0
NA,NA,NA,344.739356546231,NA,0.00825852226734721,12.4441957280524,12.1255102722846,94,"plus","easy","alpha","alpha",0
NA,NA,NA,344.739356546231,NA,0.00825852226734721,12.4441957280524,12.1255102722846,94,"plus","hard","alpha","alpha",0
NA,NA,NA,344.739356546231,NA,0.00825852226734721,12.4441957280524,12.1255102722846,94,"plus","medium","alpha","alpha",0
NA,NA,NA,282.754551231556,NA,0.00836310321936467,30.72978740882,7.10539049310803,95,"minus","easy","alpha","alpha",0
NA,NA,NA,282.754551231556,NA,0.00836310321936467,30.72978740882,7.10539049310803,95,"minus","hard","alpha","alpha",0
NA,NA,NA,282.754551231556,NA,0.00836310321936467,30.72978740882,7.10539049310803,95,"minus","medium","alpha","alpha",0
NA,NA,NA,282.754551231556,NA,0.00836310321936467,30.72978740882,7.10539049310803,95,"plus","easy","alpha","alpha",0
NA,NA,NA,282.754551231556,NA,0.00836310321936467,30.72978740882,7.10539049310803,95,"plus","hard","alpha","alpha",0
NA,NA,NA,282.754551231556,NA,0.00836310321936467,30.72978740882,7.10539049310803,95,"plus","medium","alpha","alpha",0
NA,NA,NA,354.393640844832,NA,0.0120699156364748,37.6140617619732,9.81390841244216,96,"minus","easy","alpha","alpha",0
NA,NA,NA,354.393640844832,NA,0.0120699156364748,37.6140617619732,9.81390841244216,96,"minus","hard","alpha","alpha",0
NA,NA,NA,354.393640844832,NA,0.0120699156364748,37.6140617619732,9.81390841244216,96,"minus","medium","alpha","alpha",0
NA,NA,NA,354.393640844832,NA,0.0120699156364748,37.6140617619732,9.81390841244216,96,"plus","easy","alpha","alpha",0
NA,NA,NA,354.393640844832,NA,0.0120699156364748,37.6140617619732,9.81390841244216,96,"plus","hard","alpha","alpha",0
NA,NA,NA,354.393640844832,NA,0.0120699156364748,37.6140617619732,9.81390841244216,96,"plus","medium","alpha","alpha",0
NA,NA,NA,296.435312296999,NA,0.00958979104622674,14.6419895736783,3.05619355335593,97,"minus","easy","alpha","alpha",0
NA,NA,NA,296.435312296999,NA,0.00958979104622674,14.6419895736783,3.05619355335593,97,"minus","hard","alpha","alpha",0
NA,NA,NA,296.435312296999,NA,0.00958979104622674,14.6419895736783,3.05619355335593,97,"minus","medium","alpha","alpha",0
NA,NA,NA,296.435312296999,NA,0.00958979104622674,14.6419895736783,3.05619355335593,97,"plus","easy","alpha","alpha",0
NA,NA,NA,296.435312296999,NA,0.00958979104622674,14.6419895736783,3.05619355335593,97,"plus","hard","alpha","alpha",0
NA,NA,NA,296.435312296999,NA,0.00958979104622674,14.6419895736783,3.05619355335593,97,"plus","medium","alpha","alpha",0
NA,NA,NA,354.832280504765,NA,0.00860641031607425,11.3589180609188,9.35145606533415,98,"minus","easy","alpha","alpha",0
NA,NA,NA,354.832280504765,NA,0.00860641031607425,11.3589180609188,9.35145606533415,98,"minus","hard","alpha","alpha",0
NA,NA,NA,354.832280504765,NA,0.00860641031607425,11.3589180609188,9.35145606533415,98,"minus","medium","alpha","alpha",0
NA,NA,NA,354.832280504765,NA,0.00860641031607425,11.3589180609188,9.35145606533415,98,"plus","easy","alpha","alpha",0
NA,NA,NA,354.832280504765,NA,0.00860641031607425,11.3589180609188,9.35145606533415,98,"plus","hard","alpha","alpha",0
NA,NA,NA,354.832280504765,NA,0.00860641031607425,11.3589180609188,9.35145606533415,98,"plus","medium","alpha","alpha",0
NA,NA,NA,519.014872389951,NA,0.00471689420448222,39.2991693267787,12.2840168886993,99,"minus","easy","alpha","alpha",0
NA,NA,NA,519.014872389951,NA,0.00471689420448222,39.2991693267787,12.2840168886993,99,"minus","hard","alpha","alpha",0
NA,NA,NA,519.014872389951,NA,0.00471689420448222,39.2991693267787,12.2840168886993,99,"minus","medium","alpha","alpha",0
NA,NA,NA,519.014872389951,NA,0.00471689420448222,39.2991693267787,12.2840168886993,99,"plus","easy","alpha","alpha",0
NA,NA,NA,519.014872389951,NA,0.00471689420448222,39.2991693267787,12.2840168886993,99,"plus","hard","alpha","alpha",0
NA,NA,NA,519.014872389951,NA,0.00471689420448222,39.2991693267787,12.2840168886993,99,"plus","medium","alpha","alpha",0
NA,NA,NA,489.561053796506,NA,0.0115214000793754,32.4307353012299,3.74792758375406,10,"minus","easy","beta","alpha",0
NA,NA,NA,489.561053796506,NA,0.0115214000793754,32.4307353012299,3.74792758375406,10,"minus","hard","beta","alpha",0
NA,NA,NA,489.561053796506,NA,0.0115214000793754,32.4307353012299,3.74792758375406,10,"minus","medium","beta","alpha",0
NA,NA,NA,489.561053796506,NA,0.0115214000793754,32.4307353012299,3.74792758375406,10,"plus","easy","beta","alpha",0
NA,NA,NA,489.561053796506,NA,0.0115214000793754,32.4307353012299,3.74792758375406,10,"plus","hard","beta","alpha",0
NA,NA,NA,489.561053796506,NA,0.0115214000793754,32.4307353012299,3.74792758375406,10,"plus","medium","beta","alpha",0
NA,NA,NA,351.250659683201,NA,0.0107776050247156,21.3691437881775,0.764614153160397,11,"minus","easy","beta","alpha",0
NA,NA,NA,351.250659683201,NA,0.0107776050247156,21.3691437881775,0.764614153160397,11,"minus","hard","beta","alpha",0
NA,NA,NA,351.250659683201,NA,0.0107776050247156,21.3691437881775,0.764614153160397,11,"minus","medium","beta","alpha",0
NA,NA,NA,351.250659683201,NA,0.0107776050247156,21.3691437881775,0.764614153160397,11,"plus","easy","beta","alpha",0
NA,NA,NA,351.250659683201,NA,0.0107776050247156,21.3691437881775,0.764614153160397,11,"plus","hard","beta","alpha",0
NA,NA,NA,351.250659683201,NA,0.0107776050247156,21.3691437881775,0.764614153160397,11,"plus","medium","beta","alpha",0
NA,NA,NA,176.923092063804,NA,0.0123752399080755,31.3024636097965,8.05066510753052,12,"minus","easy","beta","alpha",0
NA,NA,NA,176.923092063804,NA,0.0123752399080755,31.3024636097965,8.05066510753052,12,"minus","hard","beta","alpha",0
NA,NA,NA,176.923092063804,NA,0.0123752399080755,31.3024636097965,8.05066510753052,12,"minus","medium","beta","alpha",0
NA,NA,NA,176.923092063804,NA,0.0123752399080755,31.3024636097965,8.05066510753052,12,"plus","easy","beta","alpha",0
NA,NA,NA,176.923092063804,NA,0.0123752399080755,31.3024636097965,8.05066510753052,12,"plus","hard","beta","alpha",0
NA,NA,NA,176.923092063804,NA,0.0123752399080755,31.3024636097965,8.05066510753052,12,"plus","medium","beta","alpha",0
NA,NA,NA,291.531654074788,NA,0.0142865289021638,23.8582706010319,1.63519306858315,13,"minus","easy","beta","alpha",0
NA,NA,NA,291.531654074788,NA,0.0142865289021638,23.8582706010319,1.63519306858315,13,"minus","hard","beta","alpha",0
NA,NA,NA,291.531654074788,NA,0.0142865289021638,23.8582706010319,1.63519306858315,13,"minus","medium","beta","alpha",0
NA,NA,NA,291.531654074788,NA,0.0142865289021638,23.8582706010319,1.63519306858315,13,"plus","easy","beta","alpha",0
NA,NA,NA,291.531654074788,NA,0.0142865289021638,23.8582706010319,1.63519306858315,13,"plus","hard","beta","alpha",0
NA,NA,NA,291.531654074788,NA,0.0142865289021638,23.8582706010319,1.63519306858315,13,"plus","medium","beta","alpha",0
NA,NA,NA,380.176925512754,NA,0.0106750742238114,22.5331882596947,-0.458813786174799,15,"minus","easy","beta","alpha",0
NA,NA,NA,380.176925512754,NA,0.0106750742238114,22.5331882596947,-0.458813786174799,15,"minus","hard","beta","alpha",0
NA,NA,NA,380.176925512754,NA,0.0106750742238114,22.5331882596947,-0.458813786174799,15,"minus","medium","beta","alpha",0
NA,NA,NA,380.176925512754,NA,0.0106750742238114,22.5331882596947,-0.458813786174799,15,"plus","easy","beta","alpha",0
NA,NA,NA,380.176925512754,NA,0.0106750742238114,22.5331882596947,-0.458813786174799,15,"plus","hard","beta","alpha",0
NA,NA,NA,380.176925512754,NA,0.0106750742238114,22.5331882596947,-0.458813786174799,15,"plus","medium","beta","alpha",0
NA,NA,NA,451.598427400346,NA,0.00985015397337642,13.4101674309932,-1.77256380051851,16,"minus","easy","beta","alpha",0
NA,NA,NA,451.598427400346,NA,0.00985015397337642,13.4101674309932,-1.77256380051851,16,"minus","hard","beta","alpha",0
NA,NA,NA,451.598427400346,NA,0.00985015397337642,13.4101674309932,-1.77256380051851,16,"minus","medium","beta","alpha",0
NA,NA,NA,451.598427400346,NA,0.00985015397337642,13.4101674309932,-1.77256380051851,16,"plus","easy","beta","alpha",0
NA,NA,NA,451.598427400346,NA,0.00985015397337642,13.4101674309932,-1.77256380051851,16,"plus","hard","beta","alpha",0
NA,NA,NA,451.598427400346,NA,0.00985015397337642,13.4101674309932,-1.77256380051851,16,"plus","medium","beta","alpha",0
NA,NA,NA,279.194935861007,NA,0.0115906672168352,23.0199326411821,5.29813512998676,17,"minus","easy","beta","alpha",0
NA,NA,NA,279.194935861007,NA,0.0115906672168352,23.0199326411821,5.29813512998676,17,"minus","hard","beta","alpha",0
NA,NA,NA,279.194935861007,NA,0.0115906672168352,23.0199326411821,5.29813512998676,17,"minus","medium","beta","alpha",0
NA,NA,NA,279.194935861007,NA,0.0115906672168352,23.0199326411821,5.29813512998676,17,"plus","easy","beta","alpha",0
NA,NA,NA,279.194935861007,NA,0.0115906672168352,23.0199326411821,5.29813512998676,17,"plus","hard","beta","alpha",0
NA,NA,NA,279.194935861007,NA,0.0115906672168352,23.0199326411821,5.29813512998676,17,"plus","medium","beta","alpha",0
NA,NA,NA,258.619185384845,NA,0.00990730913170114,32.1801838930696,-1.94695041379723,2,"minus","easy","beta","alpha",0
NA,NA,NA,258.619185384845,NA,0.00990730913170114,32.1801838930696,-1.94695041379723,2,"minus","hard","beta","alpha",0
NA,NA,NA,258.619185384845,NA,0.00990730913170114,32.1801838930696,-1.94695041379723,2,"minus","medium","beta","alpha",0
NA,NA,NA,258.619185384845,NA,0.00990730913170114,32.1801838930696,-1.94695041379723,2,"plus","easy","beta","alpha",0
NA,NA,NA,258.619185384845,NA,0.00990730913170114,32.1801838930696,-1.94695041379723,2,"plus","hard","beta","alpha",0
NA,NA,NA,258.619185384845,NA,0.00990730913170114,32.1801838930696,-1.94695041379723,2,"plus","medium","beta","alpha",0
NA,NA,NA,315.193446894684,NA,0.0207525355303539,1.78286645606905,3.20673776916916,20,"minus","easy","beta","alpha",0
NA,NA,NA,315.193446894684,NA,0.0207525355303539,1.78286645606905,3.20673776916916,20,"minus","hard","beta","alpha",0
NA,NA,NA,315.193446894684,NA,0.0207525355303539,1.78286645606905,3.20673776916916,20,"minus","medium","beta","alpha",0
NA,NA,NA,315.193446894684,NA,0.0207525355303539,1.78286645606905,3.20673776916916,20,"plus","easy","beta","alpha",0
NA,NA,NA,315.193446894684,NA,0.0207525355303539,1.78286645606905,3.20673776916916,20,"plus","hard","beta","alpha",0
NA,NA,NA,315.193446894684,NA,0.0207525355303539,1.78286645606905,3.20673776916916,20,"plus","medium","beta","alpha",0
NA,NA,NA,399.05411245606,NA,0.0120664336235326,25.9798930471994,-2.63750407449438,21,"minus","easy","beta","alpha",0
NA,NA,NA,399.05411245606,NA,0.0120664336235326,25.9798930471994,-2.63750407449438,21,"minus","hard","beta","alpha",0
NA,NA,NA,399.05411245606,NA,0.0120664336235326,25.9798930471994,-2.63750407449438,21,"minus","medium","beta","alpha",0
NA,NA,NA,399.05411245606,NA,0.0120664336235326,25.9798930471994,-2.63750407449438,21,"plus","easy","beta","alpha",0
NA,NA,NA,399.05411245606,NA,0.0120664336235326,25.9798930471994,-2.63750407449438,21,"plus","hard","beta","alpha",0
NA,NA,NA,399.05411245606,NA,0.0120664336235326,25.9798930471994,-2.63750407449438,21,"plus","medium","beta","alpha",0
NA,NA,NA,430.635472213878,NA,0.0160007514332922,24.5406463789096,0.335793708720917,22,"minus","easy","beta","alpha",0
NA,NA,NA,430.635472213878,NA,0.0160007514332922,24.5406463789096,0.335793708720917,22,"minus","hard","beta","alpha",0
NA,NA,NA,430.635472213878,NA,0.0160007514332922,24.5406463789096,0.335793708720917,22,"minus","medium","beta","alpha",0
NA,NA,NA,430.635472213878,NA,0.0160007514332922,24.5406463789096,0.335793708720917,22,"plus","easy","beta","alpha",0
NA,NA,NA,430.635472213878,NA,0.0160007514332922,24.5406463789096,0.335793708720917,22,"plus","hard","beta","alpha",0
NA,NA,NA,430.635472213878,NA,0.0160007514332922,24.5406463789096,0.335793708720917,22,"plus","medium","beta","alpha",0
NA,NA,NA,494.46767017797,NA,0.00972946995029136,0.0633751069172348,3.9505130865603,23,"minus","easy","beta","alpha",0
NA,NA,NA,494.46767017797,NA,0.00972946995029136,0.0633751069172348,3.9505130865603,23,"minus","hard","beta","alpha",0
NA,NA,NA,494.46767017797,NA,0.00972946995029136,0.0633751069172348,3.9505130865603,23,"minus","medium","beta","alpha",0
NA,NA,NA,494.46767017797,NA,0.00972946995029136,0.0633751069172348,3.9505130865603,23,"plus","easy","beta","alpha",0
NA,NA,NA,494.46767017797,NA,0.00972946995029136,0.0633751069172348,3.9505130865603,23,"plus","hard","beta","alpha",0
NA,NA,NA,494.46767017797,NA,0.00972946995029136,0.0633751069172348,3.9505130865603,23,"plus","medium","beta","alpha",0
NA,NA,NA,438.516915257246,NA,0.00767569664553872,21.3935530440851,-2.39269765801728,25,"minus","easy","beta","alpha",0
NA,NA,NA,438.516915257246,NA,0.00767569664553872,21.3935530440851,-2.39269765801728,25,"minus","hard","beta","alpha",0
NA,NA,NA,438.516915257246,NA,0.00767569664553872,21.3935530440851,-2.39269765801728,25,"minus","medium","beta","alpha",0
NA,NA,NA,438.516915257246,NA,0.00767569664553872,21.3935530440851,-2.39269765801728,25,"plus","easy","beta","alpha",0
NA,NA,NA,438.516915257246,NA,0.00767569664553872,21.3935530440851,-2.39269765801728,25,"plus","hard","beta","alpha",0
NA,NA,NA,438.516915257246,NA,0.00767569664553872,21.3935530440851,-2.39269765801728,25,"plus","medium","beta","alpha",0
NA,NA,NA,391.966134131926,NA,0.0108879582981833,36.5457202580937,3.6469247852956,26,"minus","easy","beta","alpha",0
NA,NA,NA,391.966134131926,NA,0.0108879582981833,36.5457202580937,3.6469247852956,26,"minus","hard","beta","alpha",0
NA,NA,NA,391.966134131926,NA,0.0108879582981833,36.5457202580937,3.6469247852956,26,"minus","medium","beta","alpha",0
NA,NA,NA,391.966134131926,NA,0.0108879582981833,36.5457202580937,3.6469247852956,26,"plus","easy","beta","alpha",0
NA,NA,NA,391.966134131926,NA,0.0108879582981833,36.5457202580937,3.6469247852956,26,"plus","hard","beta","alpha",0
NA,NA,NA,391.966134131926,NA,0.0108879582981833,36.5457202580937,3.6469247852956,26,"plus","medium","beta","alpha",0
NA,NA,NA,360.997415050692,NA,0.0109434202720194,9.73165259929374,2.7638201765988,27,"minus","easy","beta","alpha",0
NA,NA,NA,360.997415050692,NA,0.0109434202720194,9.73165259929374,2.7638201765988,27,"minus","hard","beta","alpha",0
NA,NA,NA,360.997415050692,NA,0.0109434202720194,9.73165259929374,2.7638201765988,27,"minus","medium","beta","alpha",0
NA,NA,NA,360.997415050692,NA,0.0109434202720194,9.73165259929374,2.7638201765988,27,"plus","easy","beta","alpha",0
NA,NA,NA,360.997415050692,NA,0.0109434202720194,9.73165259929374,2.7638201765988,27,"plus","hard","beta","alpha",0
NA,NA,NA,360.997415050692,NA,0.0109434202720194,9.73165259929374,2.7638201765988,27,"plus","medium","beta","alpha",0
NA,NA,NA,632.548417696249,NA,0.0136133580466686,12.2199327684939,6.2753214367061,28,"minus","easy","beta","alpha",0
NA,NA,NA,632.548417696249,NA,0.0136133580466686,12.2199327684939,6.2753214367061,28,"minus","hard","beta","alpha",0
NA,NA,NA,632.548417696249,NA,0.0136133580466686,12.2199327684939,6.2753214367061,28,"minus","medium","beta","alpha",0
NA,NA,NA,632.548417696249,NA,0.0136133580466686,12.2199327684939,6.2753214367061,28,"plus","easy","beta","alpha",0
NA,NA,NA,632.548417696249,NA,0.0136133580466686,12.2199327684939,6.2753214367061,28,"plus","hard","beta","alpha",0
NA,NA,NA,632.548417696249,NA,0.0136133580466686,12.2199327684939,6.2753214367061,28,"plus","medium","beta","alpha",0
NA,NA,NA,390.832006034949,NA,0.00732213420710339,34.2534742784379,8.4792293545748,30,"minus","easy","beta","alpha",0
NA,NA,NA,390.832006034949,NA,0.00732213420710339,34.2534742784379,8.4792293545748,30,"minus","hard","beta","alpha",0
NA,NA,NA,390.832006034949,NA,0.00732213420710339,34.2534742784379,8.4792293545748,30,"minus","medium","beta","alpha",0
NA,NA,NA,390.832006034949,NA,0.00732213420710339,34.2534742784379,8.4792293545748,30,"plus","easy","beta","alpha",0
NA,NA,NA,390.832006034949,NA,0.00732213420710339,34.2534742784379,8.4792293545748,30,"plus","hard","beta","alpha",0
NA,NA,NA,390.832006034949,NA,0.00732213420710339,34.2534742784379,8.4792293545748,30,"plus","medium","beta","alpha",0
NA,NA,NA,578.565687392302,NA,0.0110123196846133,49.1519990609959,1.82204083676762,32,"minus","easy","beta","alpha",0
NA,NA,NA,578.565687392302,NA,0.0110123196846133,49.1519990609959,1.82204083676762,32,"minus","hard","beta","alpha",0
NA,NA,NA,578.565687392302,NA,0.0110123196846133,49.1519990609959,1.82204083676762,32,"minus","medium","beta","alpha",0
NA,NA,NA,578.565687392302,NA,0.0110123196846133,49.1519990609959,1.82204083676762,32,"plus","easy","beta","alpha",0
NA,NA,NA,578.565687392302,NA,0.0110123196846133,49.1519990609959,1.82204083676762,32,"plus","hard","beta","alpha",0
NA,NA,NA,578.565687392302,NA,0.0110123196846133,49.1519990609959,1.82204083676762,32,"plus","medium","beta","alpha",0
NA,NA,NA,709.613163407145,NA,0.0134950095168917,45.383901563473,3.32961506210268,33,"minus","easy","beta","alpha",0
NA,NA,NA,709.613163407145,NA,0.0134950095168917,45.383901563473,3.32961506210268,33,"minus","hard","beta","alpha",0
NA,NA,NA,709.613163407145,NA,0.0134950095168917,45.383901563473,3.32961506210268,33,"minus","medium","beta","alpha",0
NA,NA,NA,709.613163407145,NA,0.0134950095168917,45.383901563473,3.32961506210268,33,"plus","easy","beta","alpha",0
NA,NA,NA,709.613163407145,NA,0.0134950095168917,45.383901563473,3.32961506210268,33,"plus","hard","beta","alpha",0
NA,NA,NA,709.613163407145,NA,0.0134950095168917,45.383901563473,3.32961506210268,33,"plus","medium","beta","alpha",0
NA,NA,NA,427.660956031568,NA,0.0157718142492712,22.6694732671604,9.85293481178719,34,"minus","easy","beta","alpha",0
NA,NA,NA,427.660956031568,NA,0.0157718142492712,22.6694732671604,9.85293481178719,34,"minus","hard","beta","alpha",0
NA,NA,NA,427.660956031568,NA,0.0157718142492712,22.6694732671604,9.85293481178719,34,"minus","medium","beta","alpha",0
NA,NA,NA,427.660956031568,NA,0.0157718142492712,22.6694732671604,9.85293481178719,34,"plus","easy","beta","alpha",0
NA,NA,NA,427.660956031568,NA,0.0157718142492712,22.6694732671604,9.85293481178719,34,"plus","hard","beta","alpha",0
NA,NA,NA,427.660956031568,NA,0.0157718142492712,22.6694732671604,9.85293481178719,34,"plus","medium","beta","alpha",0
NA,NA,NA,347.25021121285,NA,0.006590581332639,14.8587524751895,-0.271965649386742,35,"minus","easy","beta","alpha",0
NA,NA,NA,347.25021121285,NA,0.006590581332639,14.8587524751895,-0.271965649386742,35,"minus","hard","beta","alpha",0
NA,NA,NA,347.25021121285,NA,0.006590581332639,14.8587524751895,-0.271965649386742,35,"minus","medium","beta","alpha",0
NA,NA,NA,347.25021121285,NA,0.006590581332639,14.8587524751895,-0.271965649386742,35,"plus","easy","beta","alpha",0
NA,NA,NA,347.25021121285,NA,0.006590581332639,14.8587524751895,-0.271965649386742,35,"plus","hard","beta","alpha",0
NA,NA,NA,347.25021121285,NA,0.006590581332639,14.8587524751895,-0.271965649386742,35,"plus","medium","beta","alpha",0
NA,NA,NA,497.084027190954,NA,0.00859051758911795,39.8692441754974,-2.92809359747171,36,"minus","easy","beta","alpha",0
NA,NA,NA,497.084027190954,NA,0.00859051758911795,39.8692441754974,-2.92809359747171,36,"minus","hard","beta","alpha",0
NA,NA,NA,497.084027190954,NA,0.00859051758911795,39.8692441754974,-2.92809359747171,36,"minus","medium","beta","alpha",0
NA,NA,NA,497.084027190954,NA,0.00859051758911795,39.8692441754974,-2.92809359747171,36,"plus","easy","beta","alpha",0
NA,NA,NA,497.084027190954,NA,0.00859051758911795,39.8692441754974,-2.92809359747171,36,"plus","hard","beta","alpha",0
NA,NA,NA,497.084027190954,NA,0.00859051758911795,39.8692441754974,-2.92809359747171,36,"plus","medium","beta","alpha",0
NA,NA,NA,436.257211207677,NA,0.00721653402732492,46.1629998107446,2.31179348576469,37,"minus","easy","beta","alpha",0
NA,NA,NA,436.257211207677,NA,0.00721653402732492,46.1629998107446,2.31179348576469,37,"minus","hard","beta","alpha",0
NA,NA,NA,436.257211207677,NA,0.00721653402732492,46.1629998107446,2.31179348576469,37,"minus","medium","beta","alpha",0
NA,NA,NA,436.257211207677,NA,0.00721653402732492,46.1629998107446,2.31179348576469,37,"plus","easy","beta","alpha",0
NA,NA,NA,436.257211207677,NA,0.00721653402732492,46.1629998107446,2.31179348576469,37,"plus","hard","beta","alpha",0
NA,NA,NA,436.257211207677,NA,0.00721653402732492,46.1629998107446,2.31179348576469,37,"plus","medium","beta","alpha",0
NA,NA,NA,481.449393814551,NA,0.00965564152496851,26.7667500176195,7.15041856457475,38,"minus","easy","beta","alpha",0
NA,NA,NA,481.449393814551,NA,0.00965564152496851,26.7667500176195,7.15041856457475,38,"minus","hard","beta","alpha",0
NA,NA,NA,481.449393814551,NA,0.00965564152496851,26.7667500176195,7.15041856457475,38,"minus","medium","beta","alpha",0
NA,NA,NA,481.449393814551,NA,0.00965564152496851,26.7667500176195,7.15041856457475,38,"plus","easy","beta","alpha",0
NA,NA,NA,481.449393814551,NA,0.00965564152496851,26.7667500176195,7.15041856457475,38,"plus","hard","beta","alpha",0
NA,NA,NA,481.449393814551,NA,0.00965564152496851,26.7667500176195,7.15041856457475,38,"plus","medium","beta","alpha",0
NA,NA,NA,456.900303404456,NA,0.0125159707651468,48.3245514449663,8.53777748495014,39,"minus","easy","beta","alpha",0
NA,NA,NA,456.900303404456,NA,0.0125159707651468,48.3245514449663,8.53777748495014,39,"minus","hard","beta","alpha",0
NA,NA,NA,456.900303404456,NA,0.0125159707651468,48.3245514449663,8.53777748495014,39,"minus","medium","beta","alpha",0
NA,NA,NA,456.900303404456,NA,0.0125159707651468,48.3245514449663,8.53777748495014,39,"plus","easy","beta","alpha",0
NA,NA,NA,456.900303404456,NA,0.0125159707651468,48.3245514449663,8.53777748495014,39,"plus","hard","beta","alpha",0
NA,NA,NA,456.900303404456,NA,0.0125159707651468,48.3245514449663,8.53777748495014,39,"plus","medium","beta","alpha",0
NA,NA,NA,351.021677493956,NA,0.0168543213991821,12.5242692320235,1.65620872673734,4,"minus","easy","beta","alpha",0
NA,NA,NA,351.021677493956,NA,0.0168543213991821,12.5242692320235,1.65620872673734,4,"minus","hard","beta","alpha",0
NA,NA,NA,351.021677493956,NA,0.0168543213991821,12.5242692320235,1.65620872673734,4,"minus","medium","beta","alpha",0
NA,NA,NA,351.021677493956,NA,0.0168543213991821,12.5242692320235,1.65620872673734,4,"plus","easy","beta","alpha",0
NA,NA,NA,351.021677493956,NA,0.0168543213991821,12.5242692320235,1.65620872673734,4,"plus","hard","beta","alpha",0
NA,NA,NA,351.021677493956,NA,0.0168543213991821,12.5242692320235,1.65620872673734,4,"plus","medium","beta","alpha",0
NA,NA,NA,397.316028565821,NA,0.014036645304009,6.97825463721529,6.45579698510388,40,"minus","easy","beta","alpha",0
NA,NA,NA,397.316028565821,NA,0.014036645304009,6.97825463721529,6.45579698510388,40,"minus","hard","beta","alpha",0
NA,NA,NA,397.316028565821,NA,0.014036645304009,6.97825463721529,6.45579698510388,40,"minus","medium","beta","alpha",0
NA,NA,NA,397.316028565821,NA,0.014036645304009,6.97825463721529,6.45579698510388,40,"plus","easy","beta","alpha",0
NA,NA,NA,397.316028565821,NA,0.014036645304009,6.97825463721529,6.45579698510388,40,"plus","hard","beta","alpha",0
NA,NA,NA,397.316028565821,NA,0.014036645304009,6.97825463721529,6.45579698510388,40,"plus","medium","beta","alpha",0
NA,NA,NA,434.368166925235,NA,0.0106257625631468,9.8678134616988,-1.30896426809469,41,"minus","easy","beta","alpha",0
NA,NA,NA,434.368166925235,NA,0.0106257625631468,9.8678134616988,-1.30896426809469,41,"minus","hard","beta","alpha",0
NA,NA,NA,434.368166925235,NA,0.0106257625631468,9.8678134616988,-1.30896426809469,41,"minus","medium","beta","alpha",0
NA,NA,NA,434.368166925235,NA,0.0106257625631468,9.8678134616988,-1.30896426809469,41,"plus","easy","beta","alpha",0
NA,NA,NA,434.368166925235,NA,0.0106257625631468,9.8678134616988,-1.30896426809469,41,"plus","hard","beta","alpha",0
NA,NA,NA,434.368166925235,NA,0.0106257625631468,9.8678134616988,-1.30896426809469,41,"plus","medium","beta","alpha",0
NA,NA,NA,493.198967544496,NA,0.0130874797423028,22.5210061609572,1.96490358861709,43,"minus","easy","beta","alpha",0
NA,NA,NA,493.198967544496,NA,0.0130874797423028,22.5210061609572,1.96490358861709,43,"minus","hard","beta","alpha",0
NA,NA,NA,493.198967544496,NA,0.0130874797423028,22.5210061609572,1.96490358861709,43,"minus","medium","beta","alpha",0
NA,NA,NA,493.198967544496,NA,0.0130874797423028,22.5210061609572,1.96490358861709,43,"plus","easy","beta","alpha",0
NA,NA,NA,493.198967544496,NA,0.0130874797423028,22.5210061609572,1.96490358861709,43,"plus","hard","beta","alpha",0
NA,NA,NA,493.198967544496,NA,0.0130874797423028,22.5210061609572,1.96490358861709,43,"plus","medium","beta","alpha",0
NA,NA,NA,392.874570413024,NA,0.0104924641567937,46.8696984542961,3.64564620183526,44,"minus","easy","beta","alpha",0
NA,NA,NA,392.874570413024,NA,0.0104924641567937,46.8696984542961,3.64564620183526,44,"minus","hard","beta","alpha",0
NA,NA,NA,392.874570413024,NA,0.0104924641567937,46.8696984542961,3.64564620183526,44,"minus","medium","beta","alpha",0
NA,NA,NA,392.874570413024,NA,0.0104924641567937,46.8696984542961,3.64564620183526,44,"plus","easy","beta","alpha",0
NA,NA,NA,392.874570413024,NA,0.0104924641567937,46.8696984542961,3.64564620183526,44,"plus","hard","beta","alpha",0
NA,NA,NA,392.874570413024,NA,0.0104924641567937,46.8696984542961,3.64564620183526,44,"plus","medium","beta","alpha",0
NA,NA,NA,311.329997774171,NA,0.0156398773411339,14.1673858140517,7.01535517289887,45,"minus","easy","beta","alpha",0
NA,NA,NA,311.329997774171,NA,0.0156398773411339,14.1673858140517,7.01535517289887,45,"minus","hard","beta","alpha",0
NA,NA,NA,311.329997774171,NA,0.0156398773411339,14.1673858140517,7.01535517289887,45,"minus","medium","beta","alpha",0
NA,NA,NA,311.329997774171,NA,0.0156398773411339,14.1673858140517,7.01535517289887,45,"plus","easy","beta","alpha",0
NA,NA,NA,311.329997774171,NA,0.0156398773411339,14.1673858140517,7.01535517289887,45,"plus","hard","beta","alpha",0
NA,NA,NA,311.329997774171,NA,0.0156398773411339,14.1673858140517,7.01535517289887,45,"plus","medium","beta","alpha",0
NA,NA,NA,586.351274348567,NA,0.00841674104969501,49.6682527475059,2.57534322965093,47,"minus","easy","beta","alpha",0
NA,NA,NA,586.351274348567,NA,0.00841674104969501,49.6682527475059,2.57534322965093,47,"minus","hard","beta","alpha",0
NA,NA,NA,586.351274348567,NA,0.00841674104969501,49.6682527475059,2.57534322965093,47,"minus","medium","beta","alpha",0
NA,NA,NA,586.351274348567,NA,0.00841674104969501,49.6682527475059,2.57534322965093,47,"plus","easy","beta","alpha",0
NA,NA,NA,586.351274348567,NA,0.00841674104969501,49.6682527475059,2.57534322965093,47,"plus","hard","beta","alpha",0
NA,NA,NA,586.351274348567,NA,0.00841674104969501,49.6682527475059,2.57534322965093,47,"plus","medium","beta","alpha",0
NA,NA,NA,444.555065792221,NA,0.00950516736880254,29.8729664666689,4.38987890988443,48,"minus","easy","beta","alpha",0
NA,NA,NA,444.555065792221,NA,0.00950516736880254,29.8729664666689,4.38987890988443,48,"minus","hard","beta","alpha",0
NA,NA,NA,444.555065792221,NA,0.00950516736880254,29.8729664666689,4.38987890988443,48,"minus","medium","beta","alpha",0
NA,NA,NA,444.555065792221,NA,0.00950516736880254,29.8729664666689,4.38987890988443,48,"plus","easy","beta","alpha",0
NA,NA,NA,444.555065792221,NA,0.00950516736880254,29.8729664666689,4.38987890988443,48,"plus","hard","beta","alpha",0
NA,NA,NA,444.555065792221,NA,0.00950516736880254,29.8729664666689,4.38987890988443,48,"plus","medium","beta","alpha",0
NA,NA,NA,457.06584973405,NA,0.0148779750353848,1.68285805491358,4.93144166859272,49,"minus","easy","beta","alpha",0
NA,NA,NA,457.06584973405,NA,0.0148779750353848,1.68285805491358,4.93144166859272,49,"minus","hard","beta","alpha",0
NA,NA,NA,457.06584973405,NA,0.0148779750353848,1.68285805491358,4.93144166859272,49,"minus","medium","beta","alpha",0
NA,NA,NA,457.06584973405,NA,0.0148779750353848,1.68285805491358,4.93144166859272,49,"plus","easy","beta","alpha",0
NA,NA,NA,457.06584973405,NA,0.0148779750353848,1.68285805491358,4.93144166859272,49,"plus","hard","beta","alpha",0
NA,NA,NA,457.06584973405,NA,0.0148779750353848,1.68285805491358,4.93144166859272,49,"plus","medium","beta","alpha",0
NA,NA,NA,287.994568643184,NA,0.0119014333984839,46.8775402056053,-0.971415239106626,5,"minus","easy","beta","alpha",0
NA,NA,NA,287.994568643184,NA,0.0119014333984839,46.8775402056053,-0.971415239106626,5,"minus","hard","beta","alpha",0
NA,NA,NA,287.994568643184,NA,0.0119014333984839,46.8775402056053,-0.971415239106626,5,"minus","medium","beta","alpha",0
NA,NA,NA,287.994568643184,NA,0.0119014333984839,46.8775402056053,-0.971415239106626,5,"plus","easy","beta","alpha",0
NA,NA,NA,287.994568643184,NA,0.0119014333984839,46.8775402056053,-0.971415239106626,5,"plus","hard","beta","alpha",0
NA,NA,NA,287.994568643184,NA,0.0119014333984839,46.8775402056053,-0.971415239106626,5,"plus","medium","beta","alpha",0
NA,NA,NA,714.543162167188,NA,0.0132907167427064,5.81629283462733,7.98446219488978,50,"minus","easy","beta","alpha",0
NA,NA,NA,714.543162167188,NA,0.0132907167427064,5.81629283462733,7.98446219488978,50,"minus","hard","beta","alpha",0
NA,NA,NA,714.543162167188,NA,0.0132907167427064,5.81629283462733,7.98446219488978,50,"minus","medium","beta","alpha",0
NA,NA,NA,714.543162167188,NA,0.0132907167427064,5.81629283462733,7.98446219488978,50,"plus","easy","beta","alpha",0
NA,NA,NA,714.543162167188,NA,0.0132907167427064,5.81629283462733,7.98446219488978,50,"plus","hard","beta","alpha",0
NA,NA,NA,714.543162167188,NA,0.0132907167427064,5.81629283462733,7.98446219488978,50,"plus","medium","beta","alpha",0
NA,NA,NA,467.665681251072,NA,0.00775069131114998,6.24289579053928,0.408118824631477,52,"minus","easy","beta","alpha",0
NA,NA,NA,467.665681251072,NA,0.00775069131114998,6.24289579053928,0.408118824631477,52,"minus","hard","beta","alpha",0
NA,NA,NA,467.665681251072,NA,0.00775069131114998,6.24289579053928,0.408118824631477,52,"minus","medium","beta","alpha",0
NA,NA,NA,467.665681251072,NA,0.00775069131114998,6.24289579053928,0.408118824631477,52,"plus","easy","beta","alpha",0
NA,NA,NA,467.665681251072,NA,0.00775069131114998,6.24289579053928,0.408118824631477,52,"plus","hard","beta","alpha",0
NA,NA,NA,467.665681251072,NA,0.00775069131114998,6.24289579053928,0.408118824631477,52,"plus","medium","beta","alpha",0
NA,NA,NA,262.728083801945,NA,0.0121474090355021,16.7650367628799,2.48982947753642,53,"minus","easy","beta","alpha",0
NA,NA,NA,262.728083801945,NA,0.0121474090355021,16.7650367628799,2.48982947753642,53,"minus","hard","beta","alpha",0
NA,NA,NA,262.728083801945,NA,0.0121474090355021,16.7650367628799,2.48982947753642,53,"minus","medium","beta","alpha",0
NA,NA,NA,262.728083801945,NA,0.0121474090355021,16.7650367628799,2.48982947753642,53,"plus","easy","beta","alpha",0
NA,NA,NA,262.728083801945,NA,0.0121474090355021,16.7650367628799,2.48982947753642,53,"plus","hard","beta","alpha",0
NA,NA,NA,262.728083801945,NA,0.0121474090355021,16.7650367628799,2.48982947753642,53,"plus","medium","beta","alpha",0
NA,NA,NA,764.953143620948,NA,0.0141812089001884,30.1615731580183,7.83287822843333,54,"minus","easy","beta","alpha",0
NA,NA,NA,764.953143620948,NA,0.0141812089001884,30.1615731580183,7.83287822843333,54,"minus","hard","beta","alpha",0
NA,NA,NA,764.953143620948,NA,0.0141812089001884,30.1615731580183,7.83287822843333,54,"minus","medium","beta","alpha",0
NA,NA,NA,764.953143620948,NA,0.0141812089001884,30.1615731580183,7.83287822843333,54,"plus","easy","beta","alpha",0
NA,NA,NA,764.953143620948,NA,0.0141812089001884,30.1615731580183,7.83287822843333,54,"plus","hard","beta","alpha",0
NA,NA,NA,764.953143620948,NA,0.0141812089001884,30.1615731580183,7.83287822843333,54,"plus","medium","beta","alpha",0
NA,NA,NA,212.352844883963,NA,0.01814217962822,9.44066133815795,1.78365335727843,55,"minus","easy","beta","alpha",0
NA,NA,NA,212.352844883963,NA,0.01814217962822,9.44066133815795,1.78365335727843,55,"minus","hard","beta","alpha",0
NA,NA,NA,212.352844883963,NA,0.01814217962822,9.44066133815795,1.78365335727843,55,"minus","medium","beta","alpha",0
NA,NA,NA,212.352844883963,NA,0.01814217962822,9.44066133815795,1.78365335727843,55,"plus","easy","beta","alpha",0
NA,NA,NA,212.352844883963,NA,0.01814217962822,9.44066133815795,1.78365335727843,55,"plus","hard","beta","alpha",0
NA,NA,NA,212.352844883963,NA,0.01814217962822,9.44066133815795,1.78365335727843,55,"plus","medium","beta","alpha",0
NA,NA,NA,440.381023606992,NA,0.0171576012283807,9.61169177715108,-1.62977951385369,56,"minus","easy","beta","alpha",0
NA,NA,NA,440.381023606992,NA,0.0171576012283807,9.61169177715108,-1.62977951385369,56,"minus","hard","beta","alpha",0
NA,NA,NA,440.381023606992,NA,0.0171576012283807,9.61169177715108,-1.62977951385369,56,"minus","medium","beta","alpha",0
NA,NA,NA,440.381023606992,NA,0.0171576012283807,9.61169177715108,-1.62977951385369,56,"plus","easy","beta","alpha",0
NA,NA,NA,440.381023606992,NA,0.0171576012283807,9.61169177715108,-1.62977951385369,56,"plus","hard","beta","alpha",0
NA,NA,NA,440.381023606992,NA,0.0171576012283807,9.61169177715108,-1.62977951385369,56,"plus","medium","beta","alpha",0
NA,NA,NA,382.254226227495,NA,0.0141490902399122,29.9546875936446,5.37638891570538,57,"minus","easy","beta","alpha",0
NA,NA,NA,382.254226227495,NA,0.0141490902399122,29.9546875936446,5.37638891570538,57,"minus","hard","beta","alpha",0
NA,NA,NA,382.254226227495,NA,0.0141490902399122,29.9546875936446,5.37638891570538,57,"minus","medium","beta","alpha",0
NA,NA,NA,382.254226227495,NA,0.0141490902399122,29.9546875936446,5.37638891570538,57,"plus","easy","beta","alpha",0
NA,NA,NA,382.254226227495,NA,0.0141490902399122,29.9546875936446,5.37638891570538,57,"plus","hard","beta","alpha",0
NA,NA,NA,382.254226227495,NA,0.0141490902399122,29.9546875936446,5.37638891570538,57,"plus","medium","beta","alpha",0
NA,NA,NA,276.491352090716,NA,0.0160679611853796,0.70856513274504,3.4474732132271,58,"minus","easy","beta","alpha",0
NA,NA,NA,276.491352090716,NA,0.0160679611853796,0.70856513274504,3.4474732132271,58,"minus","hard","beta","alpha",0
NA,NA,NA,276.491352090716,NA,0.0160679611853796,0.70856513274504,3.4474732132271,58,"minus","medium","beta","alpha",0
NA,NA,NA,276.491352090716,NA,0.0160679611853796,0.70856513274504,3.4474732132271,58,"plus","easy","beta","alpha",0
NA,NA,NA,276.491352090716,NA,0.0160679611853796,0.70856513274504,3.4474732132271,58,"plus","hard","beta","alpha",0
NA,NA,NA,276.491352090716,NA,0.0160679611853796,0.70856513274504,3.4474732132271,58,"plus","medium","beta","alpha",0
NA,NA,NA,518.024181185066,NA,0.00905770206565835,32.6848444215275,8.98483943105386,59,"minus","easy","beta","alpha",0
NA,NA,NA,518.024181185066,NA,0.00905770206565835,32.6848444215275,8.98483943105386,59,"minus","hard","beta","alpha",0
NA,NA,NA,518.024181185066,NA,0.00905770206565835,32.6848444215275,8.98483943105386,59,"minus","medium","beta","alpha",0
NA,NA,NA,518.024181185066,NA,0.00905770206565835,32.6848444215275,8.98483943105386,59,"plus","easy","beta","alpha",0
NA,NA,NA,518.024181185066,NA,0.00905770206565835,32.6848444215275,8.98483943105386,59,"plus","hard","beta","alpha",0
NA,NA,NA,518.024181185066,NA,0.00905770206565835,32.6848444215275,8.98483943105386,59,"plus","medium","beta","alpha",0
NA,NA,NA,458.981733167362,NA,0.00798043425567418,29.9405715032758,9.13017684212773,60,"minus","easy","beta","alpha",0
NA,NA,NA,458.981733167362,NA,0.00798043425567418,29.9405715032758,9.13017684212773,60,"minus","hard","beta","alpha",0
NA,NA,NA,458.981733167362,NA,0.00798043425567418,29.9405715032758,9.13017684212773,60,"minus","medium","beta","alpha",0
NA,NA,NA,458.981733167362,NA,0.00798043425567418,29.9405715032758,9.13017684212773,60,"plus","easy","beta","alpha",0
NA,NA,NA,458.981733167362,NA,0.00798043425567418,29.9405715032758,9.13017684212773,60,"plus","hard","beta","alpha",0
NA,NA,NA,458.981733167362,NA,0.00798043425567418,29.9405715032758,9.13017684212773,60,"plus","medium","beta","alpha",0
NA,NA,NA,293.607268960051,NA,0.0108213236533489,43.817400368092,4.66739106728359,61,"minus","easy","beta","alpha",0
NA,NA,NA,293.607268960051,NA,0.0108213236533489,43.817400368092,4.66739106728359,61,"minus","hard","beta","alpha",0
NA,NA,NA,293.607268960051,NA,0.0108213236533489,43.817400368092,4.66739106728359,61,"minus","medium","beta","alpha",0
NA,NA,NA,293.607268960051,NA,0.0108213236533489,43.817400368092,4.66739106728359,61,"plus","easy","beta","alpha",0
NA,NA,NA,293.607268960051,NA,0.0108213236533489,43.817400368092,4.66739106728359,61,"plus","hard","beta","alpha",0
NA,NA,NA,293.607268960051,NA,0.0108213236533489,43.817400368092,4.66739106728359,61,"plus","medium","beta","alpha",0
NA,NA,NA,508.002239341289,NA,0.0143660663322899,19.9193201508423,5.36883603205971,63,"minus","easy","beta","alpha",0
NA,NA,NA,508.002239341289,NA,0.0143660663322899,19.9193201508423,5.36883603205971,63,"minus","hard","beta","alpha",0
NA,NA,NA,508.002239341289,NA,0.0143660663322899,19.9193201508423,5.36883603205971,63,"minus","medium","beta","alpha",0
NA,NA,NA,508.002239341289,NA,0.0143660663322899,19.9193201508423,5.36883603205971,63,"plus","easy","beta","alpha",0
NA,NA,NA,508.002239341289,NA,0.0143660663322899,19.9193201508423,5.36883603205971,63,"plus","hard","beta","alpha",0
NA,NA,NA,508.002239341289,NA,0.0143660663322899,19.9193201508423,5.36883603205971,63,"plus","medium","beta","alpha",0
NA,NA,NA,281.803395509322,NA,0.0133975918545818,49.3595306761563,1.88186008113339,66,"minus","easy","beta","alpha",0
NA,NA,NA,281.803395509322,NA,0.0133975918545818,49.3595306761563,1.88186008113339,66,"minus","hard","beta","alpha",0
NA,NA,NA,281.803395509322,NA,0.0133975918545818,49.3595306761563,1.88186008113339,66,"minus","medium","beta","alpha",0
NA,NA,NA,281.803395509322,NA,0.0133975918545818,49.3595306761563,1.88186008113339,66,"plus","easy","beta","alpha",0
NA,NA,NA,281.803395509322,NA,0.0133975918545818,49.3595306761563,1.88186008113339,66,"plus","hard","beta","alpha",0
NA,NA,NA,281.803395509322,NA,0.0133975918545818,49.3595306761563,1.88186008113339,66,"plus","medium","beta","alpha",0
NA,NA,NA,486.90515191684,NA,0.00898333817292335,18.075503455475,7.71630990905488,69,"minus","easy","beta","alpha",0
NA,NA,NA,486.90515191684,NA,0.00898333817292335,18.075503455475,7.71630990905488,69,"minus","hard","beta","alpha",0
NA,NA,NA,486.90515191684,NA,0.00898333817292335,18.075503455475,7.71630990905488,69,"minus","medium","beta","alpha",0
NA,NA,NA,486.90515191684,NA,0.00898333817292335,18.075503455475,7.71630990905488,69,"plus","easy","beta","alpha",0
NA,NA,NA,486.90515191684,NA,0.00898333817292335,18.075503455475,7.71630990905488,69,"plus","hard","beta","alpha",0
NA,NA,NA,486.90515191684,NA,0.00898333817292335,18.075503455475,7.71630990905488,69,"plus","medium","beta","alpha",0
NA,NA,NA,511.26061409353,NA,0.0122334860985646,29.8006851069571,1.17655384506159,7,"minus","easy","beta","alpha",0
NA,NA,NA,511.26061409353,NA,0.0122334860985646,29.8006851069571,1.17655384506159,7,"minus","hard","beta","alpha",0
NA,NA,NA,511.26061409353,NA,0.0122334860985646,29.8006851069571,1.17655384506159,7,"minus","medium","beta","alpha",0
NA,NA,NA,511.26061409353,NA,0.0122334860985646,29.8006851069571,1.17655384506159,7,"plus","easy","beta","alpha",0
NA,NA,NA,511.26061409353,NA,0.0122334860985646,29.8006851069571,1.17655384506159,7,"plus","hard","beta","alpha",0
NA,NA,NA,511.26061409353,NA,0.0122334860985646,29.8006851069571,1.17655384506159,7,"plus","medium","beta","alpha",0
NA,NA,NA,413.213562325064,NA,0.00886587264141275,41.5748923661346,3.21882274888111,70,"minus","easy","beta","alpha",0
NA,NA,NA,413.213562325064,NA,0.00886587264141275,41.5748923661346,3.21882274888111,70,"minus","hard","beta","alpha",0
NA,NA,NA,413.213562325064,NA,0.00886587264141275,41.5748923661346,3.21882274888111,70,"minus","medium","beta","alpha",0
NA,NA,NA,413.213562325064,NA,0.00886587264141275,41.5748923661346,3.21882274888111,70,"plus","easy","beta","alpha",0
NA,NA,NA,413.213562325064,NA,0.00886587264141275,41.5748923661346,3.21882274888111,70,"plus","hard","beta","alpha",0
NA,NA,NA,413.213562325064,NA,0.00886587264141275,41.5748923661346,3.21882274888111,70,"plus","medium","beta","alpha",0
NA,NA,NA,310.403876231019,NA,0.00758716297579665,17.0619349126644,6.68715663669675,72,"minus","easy","beta","alpha",0
NA,NA,NA,310.403876231019,NA,0.00758716297579665,17.0619349126644,6.68715663669675,72,"minus","hard","beta","alpha",0
NA,NA,NA,310.403876231019,NA,0.00758716297579665,17.0619349126644,6.68715663669675,72,"minus","medium","beta","alpha",0
NA,NA,NA,310.403876231019,NA,0.00758716297579665,17.0619349126644,6.68715663669675,72,"plus","easy","beta","alpha",0
NA,NA,NA,310.403876231019,NA,0.00758716297579665,17.0619349126644,6.68715663669675,72,"plus","hard","beta","alpha",0
NA,NA,NA,310.403876231019,NA,0.00758716297579665,17.0619349126644,6.68715663669675,72,"plus","medium","beta","alpha",0
NA,NA,NA,470.002483027906,NA,0.0129101455956745,38.8790859142318,4.59279505149822,74,"minus","easy","beta","alpha",0
NA,NA,NA,470.002483027906,NA,0.0129101455956745,38.8790859142318,4.59279505149822,74,"minus","hard","beta","alpha",0
NA,NA,NA,470.002483027906,NA,0.0129101455956745,38.8790859142318,4.59279505149822,74,"minus","medium","beta","alpha",0
NA,NA,NA,470.002483027906,NA,0.0129101455956745,38.8790859142318,4.59279505149822,74,"plus","easy","beta","alpha",0
NA,NA,NA,470.002483027906,NA,0.0129101455956745,38.8790859142318,4.59279505149822,74,"plus","hard","beta","alpha",0
NA,NA,NA,470.002483027906,NA,0.0129101455956745,38.8790859142318,4.59279505149822,74,"plus","medium","beta","alpha",0
NA,NA,NA,271.350104522915,NA,0.00940452421655024,40.1147107044816,5.88616712150391,8,"minus","easy","beta","alpha",0
NA,NA,NA,271.350104522915,NA,0.00940452421655024,40.1147107044816,5.88616712150391,8,"minus","hard","beta","alpha",0
NA,NA,NA,271.350104522915,NA,0.00940452421655024,40.1147107044816,5.88616712150391,8,"minus","medium","beta","alpha",0
NA,NA,NA,271.350104522915,NA,0.00940452421655024,40.1147107044816,5.88616712150391,8,"plus","easy","beta","alpha",0
NA,NA,NA,271.350104522915,NA,0.00940452421655024,40.1147107044816,5.88616712150391,8,"plus","hard","beta","alpha",0
NA,NA,NA,271.350104522915,NA,0.00940452421655024,40.1147107044816,5.88616712150391,8,"plus","medium","beta","alpha",0
