"bound","drift","ter","sub","condition","difflevel","manip"
0.0853684202701332,0.168777670561207,0.582151482291796,"100","minus","easy","alpha"
0.0853684202701332,0.0447832758068112,0.582151482291796,"100","minus","hard","alpha"
0.0853684202701332,0.120172207322918,0.582151482291796,"100","minus","medium","alpha"
0.0853684202701332,0.168777670561207,0.582151482291796,"100","plus","easy","alpha"
0.0853684202701332,0.0447832758068112,0.582151482291796,"100","plus","hard","alpha"
0.0853684202701332,0.120172207322918,0.582151482291796,"100","plus","medium","alpha"
0.0729855975085697,0.172030290943066,0.374580890330205,"101","minus","easy","alpha"
0.0729855975085697,0.0729272537269987,0.374580890330205,"101","minus","hard","alpha"
0.0729855975085697,0.126333936543238,0.374580890330205,"101","minus","medium","alpha"
0.0729855975085697,0.172030290943066,0.374580890330205,"101","plus","easy","alpha"
0.0729855975085697,0.0729272537269987,0.374580890330205,"101","plus","hard","alpha"
0.0729855975085697,0.126333936543238,0.374580890330205,"101","plus","medium","alpha"
0.0756281688203643,0.137199138711128,0.493600131101358,"102","minus","easy","alpha"
0.0756281688203643,0.051580654495395,0.493600131101358,"102","minus","hard","alpha"
0.0756281688203643,0.104855439929918,0.493600131101358,"102","minus","medium","alpha"
0.0756281688203643,0.137199138711128,0.493600131101358,"102","plus","easy","alpha"
0.0756281688203643,0.051580654495395,0.493600131101358,"102","plus","hard","alpha"
0.0756281688203643,0.104855439929918,0.493600131101358,"102","plus","medium","alpha"
0.0760547613772059,0.204569146341687,0.464681391888497,"103","minus","easy","alpha"
0.0760547613772059,0.0878366978402376,0.464681391888497,"103","minus","hard","alpha"
0.0760547613772059,0.141489232747145,0.464681391888497,"103","minus","medium","alpha"
0.0760547613772059,0.204569146341687,0.464681391888497,"103","plus","easy","alpha"
0.0760547613772059,0.0878366978402376,0.464681391888497,"103","plus","hard","alpha"
0.0760547613772059,0.141489232747145,0.464681391888497,"103","plus","medium","alpha"
0.0578520700950877,0.149888182489794,0.427725764070437,"104","minus","easy","alpha"
0.0578520700950877,0.063644079662763,0.427725764070437,"104","minus","hard","alpha"
0.0578520700950877,0.136177343315592,0.427725764070437,"104","minus","medium","alpha"
0.0578520700950877,0.149888182489794,0.427725764070437,"104","plus","easy","alpha"
0.0578520700950877,0.063644079662763,0.427725764070437,"104","plus","hard","alpha"
0.0578520700950877,0.136177343315592,0.427725764070437,"104","plus","medium","alpha"
0.0845773544497561,0.139489117565683,0.514151854673906,"105","minus","easy","alpha"
0.0845773544497561,0.0498655588118164,0.514151854673906,"105","minus","hard","alpha"
0.0845773544497561,0.0979697025891218,0.514151854673906,"105","minus","medium","alpha"
0.0845773544497561,0.139489117565683,0.514151854673906,"105","plus","easy","alpha"
0.0845773544497561,0.0498655588118164,0.514151854673906,"105","plus","hard","alpha"
0.0845773544497561,0.0979697025891218,0.514151854673906,"105","plus","medium","alpha"
0.108524089667354,0.138708252557184,0.428190836411879,"106","minus","easy","alpha"
0.108524089667354,0.0561144019083175,0.428190836411879,"106","minus","hard","alpha"
0.108524089667354,0.103871977517132,0.428190836411879,"106","minus","medium","alpha"
0.108524089667354,0.138708252557184,0.428190836411879,"106","plus","easy","alpha"
0.108524089667354,0.0561144019083175,0.428190836411879,"106","plus","hard","alpha"
0.108524089667354,0.103871977517132,0.428190836411879,"106","plus","medium","alpha"
0.0740391179386189,0.100035438017202,0.43238334317546,"107","minus","easy","alpha"
0.0740391179386189,0.0298392275738418,0.43238334317546,"107","minus","hard","alpha"
0.0740391179386189,0.043032214064213,0.43238334317546,"107","minus","medium","alpha"
0.0740391179386189,0.100035438017202,0.43238334317546,"107","plus","easy","alpha"
0.0740391179386189,0.0298392275738418,0.43238334317546,"107","plus","hard","alpha"
0.0740391179386189,0.043032214064213,0.43238334317546,"107","plus","medium","alpha"
0.0684725693923008,0.0961773954394394,0.451313907131977,"108","minus","easy","alpha"
0.0684725693923008,0.0596829513612153,0.451313907131977,"108","minus","hard","alpha"
0.0684725693923008,0.0629893428235774,0.451313907131977,"108","minus","medium","alpha"
0.0684725693923008,0.0961773954394394,0.451313907131977,"108","plus","easy","alpha"
0.0684725693923008,0.0596829513612153,0.451313907131977,"108","plus","hard","alpha"
0.0684725693923008,0.0629893428235774,0.451313907131977,"108","plus","medium","alpha"
0.0646620991517064,0.153821791382414,0.429951682109649,"109","minus","easy","alpha"
0.0646620991517064,0.0692553839823373,0.429951682109649,"109","minus","hard","alpha"
0.0646620991517064,0.107737153969621,0.429951682109649,"109","minus","medium","alpha"
0.0646620991517064,0.153821791382414,0.429951682109649,"109","plus","easy","alpha"
0.0646620991517064,0.0692553839823373,0.429951682109649,"109","plus","hard","alpha"
0.0646620991517064,0.107737153969621,0.429951682109649,"109","plus","medium","alpha"
0.106133576177661,0.192582207384859,0.451410663554325,"110","minus","easy","alpha"
0.106133576177661,0.0823331940254305,0.451410663554325,"110","minus","hard","alpha"
0.106133576177661,0.12514096928345,0.451410663554325,"110","minus","medium","alpha"
0.106133576177661,0.192582207384859,0.451410663554325,"110","plus","easy","alpha"
0.106133576177661,0.0823331940254305,0.451410663554325,"110","plus","hard","alpha"
0.106133576177661,0.12514096928345,0.451410663554325,"110","plus","medium","alpha"
0.0755819518225742,0.206391003224193,0.438435092517504,"111","minus","easy","alpha"
0.0755819518225742,0.0861252263817966,0.438435092517504,"111","minus","hard","alpha"
0.0755819518225742,0.141306269459329,0.438435092517504,"111","minus","medium","alpha"
0.0755819518225742,0.206391003224193,0.438435092517504,"111","plus","easy","alpha"
0.0755819518225742,0.0861252263817966,0.438435092517504,"111","plus","hard","alpha"
0.0755819518225742,0.141306269459329,0.438435092517504,"111","plus","medium","alpha"
0.0514668956271513,0.103708095625623,0.239034957676541,"112","minus","easy","alpha"
0.0514668956271513,0.0374693551390107,0.239034957676541,"112","minus","hard","alpha"
0.0514668956271513,0.100529748944117,0.239034957676541,"112","minus","medium","alpha"
0.0514668956271513,0.103708095625623,0.239034957676541,"112","plus","easy","alpha"
0.0514668956271513,0.0374693551390107,0.239034957676541,"112","plus","hard","alpha"
0.0514668956271513,0.100529748944117,0.239034957676541,"112","plus","medium","alpha"
0.10735173838759,0.175270795616457,0.354719923321014,"113","minus","easy","alpha"
0.10735173838759,0.0395778654927845,0.354719923321014,"113","minus","hard","alpha"
0.10735173838759,0.101461717241691,0.354719923321014,"113","minus","medium","alpha"
0.10735173838759,0.175270795616457,0.354719923321014,"113","plus","easy","alpha"
0.10735173838759,0.0395778654927845,0.354719923321014,"113","plus","hard","alpha"
0.10735173838759,0.101461717241691,0.354719923321014,"113","plus","medium","alpha"
0.0705779979200756,0.160240452757603,0.393799508236771,"115","minus","easy","alpha"
0.0705779979200756,0.0662465089417774,0.393799508236771,"115","minus","hard","alpha"
0.0705779979200756,0.0976940361460794,0.393799508236771,"115","minus","medium","alpha"
0.0705779979200756,0.160240452757603,0.393799508236771,"115","plus","easy","alpha"
0.0705779979200756,0.0662465089417774,0.393799508236771,"115","plus","hard","alpha"
0.0705779979200756,0.0976940361460794,0.393799508236771,"115","plus","medium","alpha"
0.0655797727005153,0.224193303250118,0.441307860196743,"116","minus","easy","alpha"
0.0655797727005153,0.0604147710035848,0.441307860196743,"116","minus","hard","alpha"
0.0655797727005153,0.15129924503628,0.441307860196743,"116","minus","medium","alpha"
0.0655797727005153,0.224193303250118,0.441307860196743,"116","plus","easy","alpha"
0.0655797727005153,0.0604147710035848,0.441307860196743,"116","plus","hard","alpha"
0.0655797727005153,0.15129924503628,0.441307860196743,"116","plus","medium","alpha"
0.0828171290760622,0.170763437018582,0.344279684070819,"117","minus","easy","alpha"
0.0828171290760622,0.0568963425336982,0.344279684070819,"117","minus","hard","alpha"
0.0828171290760622,0.104852302622695,0.344279684070819,"117","minus","medium","alpha"
0.0828171290760622,0.170763437018582,0.344279684070819,"117","plus","easy","alpha"
0.0828171290760622,0.0568963425336982,0.344279684070819,"117","plus","hard","alpha"
0.0828171290760622,0.104852302622695,0.344279684070819,"117","plus","medium","alpha"
0.0591665941466145,0.183829904006304,0.399288428657369,"118","minus","easy","alpha"
0.0591665941466145,0.0353181550515606,0.399288428657369,"118","minus","hard","alpha"
0.0591665941466145,0.0910572875201444,0.399288428657369,"118","minus","medium","alpha"
0.0591665941466145,0.183829904006304,0.399288428657369,"118","plus","easy","alpha"
0.0591665941466145,0.0353181550515606,0.399288428657369,"118","plus","hard","alpha"
0.0591665941466145,0.0910572875201444,0.399288428657369,"118","plus","medium","alpha"
0.067699534360066,0.100903009374423,0.298152325815616,"120","minus","easy","alpha"
0.067699534360066,0.0385318370793392,0.298152325815616,"120","minus","hard","alpha"
0.067699534360066,0.0689934715885432,0.298152325815616,"120","minus","medium","alpha"
0.067699534360066,0.100903009374423,0.298152325815616,"120","plus","easy","alpha"
0.067699534360066,0.0385318370793392,0.298152325815616,"120","plus","hard","alpha"
0.067699534360066,0.0689934715885432,0.298152325815616,"120","plus","medium","alpha"
0.0771639111384833,0.137741044543623,0.291985968105229,"121","minus","easy","alpha"
0.0771639111384833,0.0501125217542788,0.291985968105229,"121","minus","hard","alpha"
0.0771639111384833,0.0862669211645756,0.291985968105229,"121","minus","medium","alpha"
0.0771639111384833,0.137741044543623,0.291985968105229,"121","plus","easy","alpha"
0.0771639111384833,0.0501125217542788,0.291985968105229,"121","plus","hard","alpha"
0.0771639111384833,0.0862669211645756,0.291985968105229,"121","plus","medium","alpha"
0.101334210978657,0.137260391850932,0.414365201369211,"122","minus","easy","alpha"
0.101334210978657,0.0592703643590211,0.414365201369211,"122","minus","hard","alpha"
0.101334210978657,0.100207348516486,0.414365201369211,"122","minus","medium","alpha"
0.101334210978657,0.137260391850932,0.414365201369211,"122","plus","easy","alpha"
0.101334210978657,0.0592703643590211,0.414365201369211,"122","plus","hard","alpha"
0.101334210978657,0.100207348516486,0.414365201369211,"122","plus","medium","alpha"
0.0827119534264203,0.162238283117959,0.354537767401575,"123","minus","easy","alpha"
0.0827119534264203,0.080840867018491,0.354537767401575,"123","minus","hard","alpha"
0.0827119534264203,0.134261374756652,0.354537767401575,"123","minus","medium","alpha"
0.0827119534264203,0.162238283117959,0.354537767401575,"123","plus","easy","alpha"
0.0827119534264203,0.080840867018491,0.354537767401575,"123","plus","hard","alpha"
0.0827119534264203,0.134261374756652,0.354537767401575,"123","plus","medium","alpha"
0.0592572330244899,0.261648668104009,0.434477310252939,"124","minus","easy","alpha"
0.0592572330244899,0.115606868953175,0.434477310252939,"124","minus","hard","alpha"
0.0592572330244899,0.144869091816658,0.434477310252939,"124","minus","medium","alpha"
0.0592572330244899,0.261648668104009,0.434477310252939,"124","plus","easy","alpha"
0.0592572330244899,0.115606868953175,0.434477310252939,"124","plus","hard","alpha"
0.0592572330244899,0.144869091816658,0.434477310252939,"124","plus","medium","alpha"
0.0664967113425122,0.213640560616697,0.418399791789895,"125","minus","easy","alpha"
0.0664967113425122,0.0733993107458487,0.418399791789895,"125","minus","hard","alpha"
0.0664967113425122,0.150544785839969,0.418399791789895,"125","minus","medium","alpha"
0.0664967113425122,0.213640560616697,0.418399791789895,"125","plus","easy","alpha"
0.0664967113425122,0.0733993107458487,0.418399791789895,"125","plus","hard","alpha"
0.0664967113425122,0.150544785839969,0.418399791789895,"125","plus","medium","alpha"
0.0862254175786216,0.126987305695011,0.366551686670181,"126","minus","easy","alpha"
0.0862254175786216,0.0493539897766511,0.366551686670181,"126","minus","hard","alpha"
0.0862254175786216,0.107666818006288,0.366551686670181,"126","minus","medium","alpha"
0.0862254175786216,0.126987305695011,0.366551686670181,"126","plus","easy","alpha"
0.0862254175786216,0.0493539897766511,0.366551686670181,"126","plus","hard","alpha"
0.0862254175786216,0.107666818006288,0.366551686670181,"126","plus","medium","alpha"
0.079168846738252,0.222118049209035,0.537760555499455,"127","minus","easy","alpha"
0.079168846738252,0.117189994763173,0.537760555499455,"127","minus","hard","alpha"
0.079168846738252,0.187081386020244,0.537760555499455,"127","minus","medium","alpha"
0.079168846738252,0.222118049209035,0.537760555499455,"127","plus","easy","alpha"
0.079168846738252,0.117189994763173,0.537760555499455,"127","plus","hard","alpha"
0.079168846738252,0.187081386020244,0.537760555499455,"127","plus","medium","alpha"
0.0756723379906485,0.130837287388283,0.406296985800666,"128","minus","easy","alpha"
0.0756723379906485,0.0466025986871556,0.406296985800666,"128","minus","hard","alpha"
0.0756723379906485,0.10241180411726,0.406296985800666,"128","minus","medium","alpha"
0.0756723379906485,0.130837287388283,0.406296985800666,"128","plus","easy","alpha"
0.0756723379906485,0.0466025986871556,0.406296985800666,"128","plus","hard","alpha"
0.0756723379906485,0.10241180411726,0.406296985800666,"128","plus","medium","alpha"
0.0904819590966953,0.0994864726543311,0.290842035631393,"130","minus","easy","alpha"
0.0904819590966953,0.0286627606531169,0.290842035631393,"130","minus","hard","alpha"
0.0904819590966953,0.0682448517301495,0.290842035631393,"130","minus","medium","alpha"
0.0904819590966953,0.0994864726543311,0.290842035631393,"130","plus","easy","alpha"
0.0904819590966953,0.0286627606531169,0.290842035631393,"130","plus","hard","alpha"
0.0904819590966953,0.0682448517301495,0.290842035631393,"130","plus","medium","alpha"
0.0709150179568276,0.154863893172777,0.302679576705147,"132","minus","easy","alpha"
0.0709150179568276,0.0941582979220368,0.302679576705147,"132","minus","hard","alpha"
0.0709150179568276,0.150987917490781,0.302679576705147,"132","minus","medium","alpha"
0.0709150179568276,0.154863893172777,0.302679576705147,"132","plus","easy","alpha"
0.0709150179568276,0.0941582979220368,0.302679576705147,"132","plus","hard","alpha"
0.0709150179568276,0.150987917490781,0.302679576705147,"132","plus","medium","alpha"
0.080275460455159,0.163738826965672,0.461443331904512,"1320","minus","easy","alpha"
0.080275460455159,0.0386988225069197,0.461443331904512,"1320","minus","hard","alpha"
0.080275460455159,0.0732936000583713,0.461443331904512,"1320","minus","medium","alpha"
0.080275460455159,0.163738826965672,0.461443331904512,"1320","plus","easy","alpha"
0.080275460455159,0.0386988225069197,0.461443331904512,"1320","plus","hard","alpha"
0.080275460455159,0.0732936000583713,0.461443331904512,"1320","plus","medium","alpha"
0.0723668604010193,0.101450399830038,0.405986252337261,"134","minus","easy","alpha"
0.0723668604010193,0.0300165352246381,0.405986252337261,"134","minus","hard","alpha"
0.0723668604010193,0.0721728281139771,0.405986252337261,"134","minus","medium","alpha"
0.0723668604010193,0.101450399830038,0.405986252337261,"134","plus","easy","alpha"
0.0723668604010193,0.0300165352246381,0.405986252337261,"134","plus","hard","alpha"
0.0723668604010193,0.0721728281139771,0.405986252337261,"134","plus","medium","alpha"
0.0715050730627727,0.256246829105177,0.346587762932602,"75","minus","easy","alpha"
0.0715050730627727,0.0760109208287059,0.346587762932602,"75","minus","hard","alpha"
0.0715050730627727,0.15063193643991,0.346587762932602,"75","minus","medium","alpha"
0.0715050730627727,0.256246829105177,0.346587762932602,"75","plus","easy","alpha"
0.0715050730627727,0.0760109208287059,0.346587762932602,"75","plus","hard","alpha"
0.0715050730627727,0.15063193643991,0.346587762932602,"75","plus","medium","alpha"
0.091416949590215,0.179359632730138,0.355577991940702,"76","minus","easy","alpha"
0.091416949590215,0.0709285179563969,0.355577991940702,"76","minus","hard","alpha"
0.091416949590215,0.127915756298441,0.355577991940702,"76","minus","medium","alpha"
0.091416949590215,0.179359632730138,0.355577991940702,"76","plus","easy","alpha"
0.091416949590215,0.0709285179563969,0.355577991940702,"76","plus","hard","alpha"
0.091416949590215,0.127915756298441,0.355577991940702,"76","plus","medium","alpha"
0.0782043632676897,0.186612800190992,0.419455373613264,"77","minus","easy","alpha"
0.0782043632676897,0.0476886948810288,0.419455373613264,"77","minus","hard","alpha"
0.0782043632676897,0.110113307241789,0.419455373613264,"77","minus","medium","alpha"
0.0782043632676897,0.186612800190992,0.419455373613264,"77","plus","easy","alpha"
0.0782043632676897,0.0476886948810288,0.419455373613264,"77","plus","hard","alpha"
0.0782043632676897,0.110113307241789,0.419455373613264,"77","plus","medium","alpha"
0.0627399872311884,0.268769161168505,0.560128456721249,"78","minus","easy","alpha"
0.0627399872311884,0.098758184231532,0.560128456721249,"78","minus","hard","alpha"
0.0627399872311884,0.13625471563623,0.560128456721249,"78","minus","medium","alpha"
0.0627399872311884,0.268769161168505,0.560128456721249,"78","plus","easy","alpha"
0.0627399872311884,0.098758184231532,0.560128456721249,"78","plus","hard","alpha"
0.0627399872311884,0.13625471563623,0.560128456721249,"78","plus","medium","alpha"
0.0962674335327471,0.171854664780965,0.454253155331852,"79","minus","easy","alpha"
0.0962674335327471,0.0526891544675471,0.454253155331852,"79","minus","hard","alpha"
0.0962674335327471,0.0897129513036269,0.454253155331852,"79","minus","medium","alpha"
0.0962674335327471,0.171854664780965,0.454253155331852,"79","plus","easy","alpha"
0.0962674335327471,0.0526891544675471,0.454253155331852,"79","plus","hard","alpha"
0.0962674335327471,0.0897129513036269,0.454253155331852,"79","plus","medium","alpha"
0.0625420803366987,0.194143246023641,0.510794942294166,"80","minus","easy","alpha"
0.0625420803366987,0.0736950141013872,0.510794942294166,"80","minus","hard","alpha"
0.0625420803366987,0.144298159422835,0.510794942294166,"80","minus","medium","alpha"
0.0625420803366987,0.194143246023641,0.510794942294166,"80","plus","easy","alpha"
0.0625420803366987,0.0736950141013872,0.510794942294166,"80","plus","hard","alpha"
0.0625420803366987,0.144298159422835,0.510794942294166,"80","plus","medium","alpha"
0.0697791094869668,0.141489732373357,0.325445145345906,"81","minus","easy","alpha"
0.0697791094869668,0.0404824887853902,0.325445145345906,"81","minus","hard","alpha"
0.0697791094869668,0.0973382531988539,0.325445145345906,"81","minus","medium","alpha"
0.0697791094869668,0.141489732373357,0.325445145345906,"81","plus","easy","alpha"
0.0697791094869668,0.0404824887853902,0.325445145345906,"81","plus","hard","alpha"
0.0697791094869668,0.0973382531988539,0.325445145345906,"81","plus","medium","alpha"
0.0878716717165965,0.186568588101316,0.338927506847261,"82","minus","easy","alpha"
0.0878716717165965,0.0495060935560012,0.338927506847261,"82","minus","hard","alpha"
0.0878716717165965,0.104072876118999,0.338927506847261,"82","minus","medium","alpha"
0.0878716717165965,0.186568588101316,0.338927506847261,"82","plus","easy","alpha"
0.0878716717165965,0.0495060935560012,0.338927506847261,"82","plus","hard","alpha"
0.0878716717165965,0.104072876118999,0.338927506847261,"82","plus","medium","alpha"
0.0827725753297597,0.192521783909454,0.390274539910559,"84","minus","easy","alpha"
0.0827725753297597,0.0735572056702165,0.390274539910559,"84","minus","hard","alpha"
0.0827725753297597,0.11324400685709,0.390274539910559,"84","minus","medium","alpha"
0.0827725753297597,0.192521783909454,0.390274539910559,"84","plus","easy","alpha"
0.0827725753297597,0.0735572056702165,0.390274539910559,"84","plus","hard","alpha"
0.0827725753297597,0.11324400685709,0.390274539910559,"84","plus","medium","alpha"
0.0801748817842018,0.175053449623731,0.403235400846966,"85","minus","easy","alpha"
0.0801748817842018,0.0580294522853741,0.403235400846966,"85","minus","hard","alpha"
0.0801748817842018,0.130955540186927,0.403235400846966,"85","minus","medium","alpha"
0.0801748817842018,0.175053449623731,0.403235400846966,"85","plus","easy","alpha"
0.0801748817842018,0.0580294522853741,0.403235400846966,"85","plus","hard","alpha"
0.0801748817842018,0.130955540186927,0.403235400846966,"85","plus","medium","alpha"
0.0633901467567521,0.325169823693209,0.39248352100853,"86","minus","easy","alpha"
0.0633901467567521,0.077354309708762,0.39248352100853,"86","minus","hard","alpha"
0.0633901467567521,0.143319616983644,0.39248352100853,"86","minus","medium","alpha"
0.0633901467567521,0.325169823693209,0.39248352100853,"86","plus","easy","alpha"
0.0633901467567521,0.077354309708762,0.39248352100853,"86","plus","hard","alpha"
0.0633901467567521,0.143319616983644,0.39248352100853,"86","plus","medium","alpha"
0.0536427750201847,0.326995561415796,0.466417519417024,"87","minus","easy","alpha"
0.0536427750201847,0.116533669933987,0.466417519417024,"87","minus","hard","alpha"
0.0536427750201847,0.17772361341486,0.466417519417024,"87","minus","medium","alpha"
0.0536427750201847,0.326995561415796,0.466417519417024,"87","plus","easy","alpha"
0.0536427750201847,0.116533669933987,0.466417519417024,"87","plus","hard","alpha"
0.0536427750201847,0.17772361341486,0.466417519417024,"87","plus","medium","alpha"
0.0702505753516192,0.15909611728649,0.358992354060883,"89","minus","easy","alpha"
0.0702505753516192,0.0786955886081555,0.358992354060883,"89","minus","hard","alpha"
0.0702505753516192,0.09115970966916,0.358992354060883,"89","minus","medium","alpha"
0.0702505753516192,0.15909611728649,0.358992354060883,"89","plus","easy","alpha"
0.0702505753516192,0.0786955886081555,0.358992354060883,"89","plus","hard","alpha"
0.0702505753516192,0.09115970966916,0.358992354060883,"89","plus","medium","alpha"
0.0672347276979011,0.165741851546424,0.527776841641768,"91","minus","easy","alpha"
0.0672347276979011,0.0563882721584588,0.527776841641768,"91","minus","hard","alpha"
0.0672347276979011,0.125350824540646,0.527776841641768,"91","minus","medium","alpha"
0.0672347276979011,0.165741851546424,0.527776841641768,"91","plus","easy","alpha"
0.0672347276979011,0.0563882721584588,0.527776841641768,"91","plus","hard","alpha"
0.0672347276979011,0.125350824540646,0.527776841641768,"91","plus","medium","alpha"
0.0760445083513983,0.170032335657593,0.541583617273759,"92","minus","easy","alpha"
0.0760445083513983,0.044261702500273,0.541583617273759,"92","minus","hard","alpha"
0.0760445083513983,0.109270697457487,0.541583617273759,"92","minus","medium","alpha"
0.0760445083513983,0.170032335657593,0.541583617273759,"92","plus","easy","alpha"
0.0760445083513983,0.044261702500273,0.541583617273759,"92","plus","hard","alpha"
0.0760445083513983,0.109270697457487,0.541583617273759,"92","plus","medium","alpha"
0.0542602062724669,0.275784525597554,0.441348525772874,"94","minus","easy","alpha"
0.0542602062724669,0.0949382565168803,0.441348525772874,"94","minus","hard","alpha"
0.0542602062724669,0.17345696770449,0.441348525772874,"94","minus","medium","alpha"
0.0542602062724669,0.275784525597554,0.441348525772874,"94","plus","easy","alpha"
0.0542602062724669,0.0949382565168803,0.441348525772874,"94","plus","hard","alpha"
0.0542602062724669,0.17345696770449,0.441348525772874,"94","plus","medium","alpha"
0.0714325206210141,0.242181084664942,0.529564609332961,"95","minus","easy","alpha"
0.0714325206210141,0.114365604888066,0.529564609332961,"95","minus","hard","alpha"
0.0714325206210141,0.183774958735535,0.529564609332961,"95","minus","medium","alpha"
0.0714325206210141,0.242181084664942,0.529564609332961,"95","plus","easy","alpha"
0.0714325206210141,0.114365604888066,0.529564609332961,"95","plus","hard","alpha"
0.0714325206210141,0.183774958735535,0.529564609332961,"95","plus","medium","alpha"
0.0520304567077909,0.234961660242203,0.493957688988674,"96","minus","easy","alpha"
0.0520304567077909,0.0950656506448584,0.493957688988674,"96","minus","hard","alpha"
0.0520304567077909,0.125526813501645,0.493957688988674,"96","minus","medium","alpha"
0.0520304567077909,0.234961660242203,0.493957688988674,"96","plus","easy","alpha"
0.0520304567077909,0.0950656506448584,0.493957688988674,"96","plus","hard","alpha"
0.0520304567077909,0.125526813501645,0.493957688988674,"96","plus","medium","alpha"
0.0762317752112232,0.201271847104704,0.35117263434907,"97","minus","easy","alpha"
0.0762317752112232,0.0902201534161449,0.35117263434907,"97","minus","hard","alpha"
0.0762317752112232,0.133985083073646,0.35117263434907,"97","minus","medium","alpha"
0.0762317752112232,0.201271847104704,0.35117263434907,"97","plus","easy","alpha"
0.0762317752112232,0.0902201534161449,0.35117263434907,"97","plus","hard","alpha"
0.0762317752112232,0.133985083073646,0.35117263434907,"97","plus","medium","alpha"
0.0643656963569084,0.163419131155457,0.416872635074587,"98","minus","easy","alpha"
0.0643656963569084,0.0402510956994273,0.416872635074587,"98","minus","hard","alpha"
0.0643656963569084,0.116432683238005,0.416872635074587,"98","minus","medium","alpha"
0.0643656963569084,0.163419131155457,0.416872635074587,"98","plus","easy","alpha"
0.0643656963569084,0.0402510956994273,0.416872635074587,"98","plus","hard","alpha"
0.0643656963569084,0.116432683238005,0.416872635074587,"98","plus","medium","alpha"
0.0668278248483527,0.237832836826373,0.407320378991658,"99","minus","easy","alpha"
0.0668278248483527,0.0839254539208606,0.407320378991658,"99","minus","hard","alpha"
0.0668278248483527,0.161887644368653,0.407320378991658,"99","minus","medium","alpha"
0.0668278248483527,0.237832836826373,0.407320378991658,"99","plus","easy","alpha"
0.0668278248483527,0.0839254539208606,0.407320378991658,"99","plus","hard","alpha"
0.0668278248483527,0.161887644368653,0.407320378991658,"99","plus","medium","alpha"
0.0702215085746894,0.147455421388311,0.351202370963879,"10","minus","easy","beta"
0.0702215085746894,0.0442437786059231,0.351202370963879,"10","minus","hard","beta"
0.0702215085746894,0.113670124508205,0.351202370963879,"10","minus","medium","beta"
0.0702215085746894,0.147455421388311,0.351202370963879,"10","plus","easy","beta"
0.0702215085746894,0.0442437786059231,0.351202370963879,"10","plus","hard","beta"
0.0702215085746894,0.113670124508205,0.351202370963879,"10","plus","medium","beta"
0.0771845540582884,0.152573604438537,0.451732968307513,"11","minus","easy","beta"
0.0771845540582884,0.0540224942013955,0.451732968307513,"11","minus","hard","beta"
0.0771845540582884,0.102338616222144,0.451732968307513,"11","minus","medium","beta"
0.0771845540582884,0.152573604438537,0.451732968307513,"11","plus","easy","beta"
0.0771845540582884,0.0540224942013955,0.451732968307513,"11","plus","hard","beta"
0.0771845540582884,0.102338616222144,0.451732968307513,"11","plus","medium","beta"
0.0686545436716789,0.237053941162595,0.439962657488282,"12","minus","easy","beta"
0.0686545436716789,0.111936223151198,0.439962657488282,"12","minus","hard","beta"
0.0686545436716789,0.156759996061851,0.439962657488282,"12","minus","medium","beta"
0.0686545436716789,0.237053941162595,0.439962657488282,"12","plus","easy","beta"
0.0686545436716789,0.111936223151198,0.439962657488282,"12","plus","hard","beta"
0.0686545436716789,0.156759996061851,0.439962657488282,"12","plus","medium","beta"
0.0685268444629123,0.252178135971932,0.530693801838606,"13","minus","easy","beta"
0.0685268444629123,0.0682887780831329,0.530693801838606,"13","minus","hard","beta"
0.0685268444629123,0.125548415085357,0.530693801838606,"13","minus","medium","beta"
0.0685268444629123,0.252178135971932,0.530693801838606,"13","plus","easy","beta"
0.0685268444629123,0.0682887780831329,0.530693801838606,"13","plus","hard","beta"
0.0685268444629123,0.125548415085357,0.530693801838606,"13","plus","medium","beta"
0.0740972761761291,0.183522602340936,0.363078373681258,"15","minus","easy","beta"
0.0740972761761291,0.0669522015173644,0.363078373681258,"15","minus","hard","beta"
0.0740972761761291,0.103618582608382,0.363078373681258,"15","minus","medium","beta"
0.0740972761761291,0.183522602340936,0.363078373681258,"15","plus","easy","beta"
0.0740972761761291,0.0669522015173644,0.363078373681258,"15","plus","hard","beta"
0.0740972761761291,0.103618582608382,0.363078373681258,"15","plus","medium","beta"
0.0680030731671369,0.254071823924333,0.468088356313981,"16","minus","easy","beta"
0.0680030731671369,0.129989175972064,0.468088356313981,"16","minus","hard","beta"
0.0680030731671369,0.15344405155046,0.468088356313981,"16","minus","medium","beta"
0.0680030731671369,0.254071823924333,0.468088356313981,"16","plus","easy","beta"
0.0680030731671369,0.129989175972064,0.468088356313981,"16","plus","hard","beta"
0.0680030731671369,0.15344405155046,0.468088356313981,"16","plus","medium","beta"
0.0904317587717607,0.162178628790216,0.461336481111119,"17","minus","easy","beta"
0.0904317587717607,0.0634585688224484,0.461336481111119,"17","minus","hard","beta"
0.0904317587717607,0.130042725808007,0.461336481111119,"17","minus","medium","beta"
0.0904317587717607,0.162178628790216,0.461336481111119,"17","plus","easy","beta"
0.0904317587717607,0.0634585688224484,0.461336481111119,"17","plus","hard","beta"
0.0904317587717607,0.130042725808007,0.461336481111119,"17","plus","medium","beta"
0.0840043233001117,0.217833932743944,0.529877876383559,"2","minus","easy","beta"
0.0840043233001117,0.07049834018542,0.529877876383559,"2","minus","hard","beta"
0.0840043233001117,0.138660937271272,0.529877876383559,"2","minus","medium","beta"
0.0840043233001117,0.217833932743944,0.529877876383559,"2","plus","easy","beta"
0.0840043233001117,0.07049834018542,0.529877876383559,"2","plus","hard","beta"
0.0840043233001117,0.138660937271272,0.529877876383559,"2","plus","medium","beta"
0.0502062687448677,0.167653379390557,0.45540916792597,"20","minus","easy","beta"
0.0502062687448677,0.0345353521847521,0.45540916792597,"20","minus","hard","beta"
0.0502062687448677,0.136719383822455,0.45540916792597,"20","minus","medium","beta"
0.0502062687448677,0.167653379390557,0.45540916792597,"20","plus","easy","beta"
0.0502062687448677,0.0345353521847521,0.45540916792597,"20","plus","hard","beta"
0.0502062687448677,0.136719383822455,0.45540916792597,"20","plus","medium","beta"
0.0805088961748893,0.150482859873492,0.390235728492956,"21","minus","easy","beta"
0.0805088961748893,0.034913492716666,0.390235728492956,"21","minus","hard","beta"
0.0805088961748893,0.0734202149523032,0.390235728492956,"21","minus","medium","beta"
0.0805088961748893,0.150482859873492,0.390235728492956,"21","plus","easy","beta"
0.0805088961748893,0.034913492716666,0.390235728492956,"21","plus","hard","beta"
0.0805088961748893,0.0734202149523032,0.390235728492956,"21","plus","medium","beta"
0.0731075960275929,0.153212685120425,0.421299806144385,"22","minus","easy","beta"
0.0731075960275929,0.0361573868399883,0.421299806144385,"22","minus","hard","beta"
0.0731075960275929,0.106375075118011,0.421299806144385,"22","minus","medium","beta"
0.0731075960275929,0.153212685120425,0.421299806144385,"22","plus","easy","beta"
0.0731075960275929,0.0361573868399883,0.421299806144385,"22","plus","hard","beta"
0.0731075960275929,0.106375075118011,0.421299806144385,"22","plus","medium","beta"
0.0800673405925338,0.144331331417257,0.445298667896209,"23","minus","easy","beta"
0.0800673405925338,0.0599486427589806,0.445298667896209,"23","minus","hard","beta"
0.0800673405925338,0.108440837237589,0.445298667896209,"23","minus","medium","beta"
0.0800673405925338,0.144331331417257,0.445298667896209,"23","plus","easy","beta"
0.0800673405925338,0.0599486427589806,0.445298667896209,"23","plus","hard","beta"
0.0800673405925338,0.108440837237589,0.445298667896209,"23","plus","medium","beta"
0.0931011449793023,0.157844663070314,0.461152106032129,"25","minus","easy","beta"
0.0931011449793023,0.0639480179034459,0.461152106032129,"25","minus","hard","beta"
0.0931011449793023,0.125659969795033,0.461152106032129,"25","minus","medium","beta"
0.0931011449793023,0.157844663070314,0.461152106032129,"25","plus","easy","beta"
0.0931011449793023,0.0639480179034459,0.461152106032129,"25","plus","hard","beta"
0.0931011449793023,0.125659969795033,0.461152106032129,"25","plus","medium","beta"
0.0760706866525565,0.193078460316323,0.435188687227226,"26","minus","easy","beta"
0.0760706866525565,0.0849027573877309,0.435188687227226,"26","minus","hard","beta"
0.0760706866525565,0.138765695425041,0.435188687227226,"26","minus","medium","beta"
0.0760706866525565,0.193078460316323,0.435188687227226,"26","plus","easy","beta"
0.0760706866525565,0.0849027573877309,0.435188687227226,"26","plus","hard","beta"
0.0760706866525565,0.138765695425041,0.435188687227226,"26","plus","medium","beta"
0.0744802277259468,0.213959054832036,0.360135303633418,"27","minus","easy","beta"
0.0744802277259468,0.0598167614672546,0.360135303633418,"27","minus","hard","beta"
0.0744802277259468,0.133704650293597,0.360135303633418,"27","minus","medium","beta"
0.0744802277259468,0.213959054832036,0.360135303633418,"27","plus","easy","beta"
0.0744802277259468,0.0598167614672546,0.360135303633418,"27","plus","hard","beta"
0.0744802277259468,0.133704650293597,0.360135303633418,"27","plus","medium","beta"
0.0579733040102064,0.201697247219604,0.48621029519863,"28","minus","easy","beta"
0.0579733040102064,0.0639975931639325,0.48621029519863,"28","minus","hard","beta"
0.0579733040102064,0.131221535715353,0.48621029519863,"28","minus","medium","beta"
0.0579733040102064,0.201697247219604,0.48621029519863,"28","plus","easy","beta"
0.0579733040102064,0.0639975931639325,0.48621029519863,"28","plus","hard","beta"
0.0579733040102064,0.131221535715353,0.48621029519863,"28","plus","medium","beta"
0.0784942388608361,0.230765375389881,0.492599246783657,"30","minus","easy","beta"
0.0784942388608361,0.106623953672783,0.492599246783657,"30","minus","hard","beta"
0.0784942388608361,0.172598757959622,0.492599246783657,"30","minus","medium","beta"
0.0784942388608361,0.230765375389881,0.492599246783657,"30","plus","easy","beta"
0.0784942388608361,0.106623953672783,0.492599246783657,"30","plus","hard","beta"
0.0784942388608361,0.172598757959622,0.492599246783657,"30","plus","medium","beta"
0.0788242247932425,0.107969815807258,0.290598692547327,"32","minus","easy","beta"
0.0788242247932425,0.0258542469957744,0.290598692547327,"32","minus","hard","beta"
0.0788242247932425,0.0682376275338298,0.290598692547327,"32","minus","medium","beta"
0.0788242247932425,0.107969815807258,0.290598692547327,"32","plus","easy","beta"
0.0788242247932425,0.0258542469957744,0.290598692547327,"32","plus","hard","beta"
0.0788242247932425,0.0682376275338298,0.290598692547327,"32","plus","medium","beta"
0.0693084737047285,0.107337471334653,0.321520617798954,"33","minus","easy","beta"
0.0693084737047285,0.046443134615568,0.321520617798954,"33","minus","hard","beta"
0.0693084737047285,0.0676812475310055,0.321520617798954,"33","minus","medium","beta"
0.0693084737047285,0.107337471334653,0.321520617798954,"33","plus","easy","beta"
0.0693084737047285,0.046443134615568,0.321520617798954,"33","plus","hard","beta"
0.0693084737047285,0.0676812475310055,0.321520617798954,"33","plus","medium","beta"
0.065790414524855,0.167100830151362,0.41363144341866,"34","minus","easy","beta"
0.065790414524855,0.0631755106395917,0.41363144341866,"34","minus","hard","beta"
0.065790414524855,0.0999277611263096,0.41363144341866,"34","minus","medium","beta"
0.065790414524855,0.167100830151362,0.41363144341866,"34","plus","easy","beta"
0.065790414524855,0.0631755106395917,0.41363144341866,"34","plus","hard","beta"
0.065790414524855,0.0999277611263096,0.41363144341866,"34","plus","medium","beta"
0.0964180662582058,0.172339872311864,0.464930233532928,"35","minus","easy","beta"
0.0964180662582058,0.0847310741012912,0.464930233532928,"35","minus","hard","beta"
0.0964180662582058,0.103814893677482,0.464930233532928,"35","minus","medium","beta"
0.0964180662582058,0.172339872311864,0.464930233532928,"35","plus","easy","beta"
0.0964180662582058,0.0847310741012912,0.464930233532928,"35","plus","hard","beta"
0.0964180662582058,0.103814893677482,0.464930233532928,"35","plus","medium","beta"
0.081568044757572,0.110199568871537,0.309611790738605,"36","minus","easy","beta"
0.081568044757572,0.0274074225556135,0.309611790738605,"36","minus","hard","beta"
0.081568044757572,0.0692761319316491,0.309611790738605,"36","minus","medium","beta"
0.081568044757572,0.110199568871537,0.309611790738605,"36","plus","easy","beta"
0.081568044757572,0.0274074225556135,0.309611790738605,"36","plus","hard","beta"
0.081568044757572,0.0692761319316491,0.309611790738605,"36","plus","medium","beta"
0.0832405959694873,0.221638365754706,0.480042368017304,"37","minus","easy","beta"
0.0832405959694873,0.0693924577369053,0.480042368017304,"37","minus","hard","beta"
0.0832405959694873,0.14464826208175,0.480042368017304,"37","minus","medium","beta"
0.0832405959694873,0.221638365754706,0.480042368017304,"37","plus","easy","beta"
0.0832405959694873,0.0693924577369053,0.480042368017304,"37","plus","hard","beta"
0.0832405959694873,0.14464826208175,0.480042368017304,"37","plus","medium","beta"
0.0732859225705574,0.172835821939984,0.440375152593922,"38","minus","easy","beta"
0.0732859225705574,0.0680907757860714,0.440375152593922,"38","minus","hard","beta"
0.0732859225705574,0.117776397091289,0.440375152593922,"38","minus","medium","beta"
0.0732859225705574,0.172835821939984,0.440375152593922,"38","plus","easy","beta"
0.0732859225705574,0.0680907757860714,0.440375152593922,"38","plus","hard","beta"
0.0732859225705574,0.117776397091289,0.440375152593922,"38","plus","medium","beta"
0.0617720075443579,0.305994619244424,0.423585273467793,"39","minus","easy","beta"
0.0617720075443579,0.118156796776139,0.423585273467793,"39","minus","hard","beta"
0.0617720075443579,0.205079678132021,0.423585273467793,"39","minus","medium","beta"
0.0617720075443579,0.305994619244424,0.423585273467793,"39","plus","easy","beta"
0.0617720075443579,0.118156796776139,0.423585273467793,"39","plus","hard","beta"
0.0617720075443579,0.205079678132021,0.423585273467793,"39","plus","medium","beta"
0.0755640699382811,0.12050279217371,0.378519008137547,"4","minus","easy","beta"
0.0755640699382811,0.0362757032555512,0.378519008137547,"4","minus","hard","beta"
0.0755640699382811,0.0762160662561655,0.378519008137547,"4","minus","medium","beta"
0.0755640699382811,0.12050279217371,0.378519008137547,"4","plus","easy","beta"
0.0755640699382811,0.0362757032555512,0.378519008137547,"4","plus","hard","beta"
0.0755640699382811,0.0762160662561655,0.378519008137547,"4","plus","medium","beta"
0.0693778771170981,0.197013312971432,0.399598978918237,"40","minus","easy","beta"
0.0693778771170981,0.0533397773215809,0.399598978918237,"40","minus","hard","beta"
0.0693778771170981,0.130801854811889,0.399598978918237,"40","minus","medium","beta"
0.0693778771170981,0.197013312971432,0.399598978918237,"40","plus","easy","beta"
0.0693778771170981,0.0533397773215809,0.399598978918237,"40","plus","hard","beta"
0.0693778771170981,0.130801854811889,0.399598978918237,"40","plus","medium","beta"
0.0825303309335167,0.116785902078829,0.372727026658505,"41","minus","easy","beta"
0.0825303309335167,0.0237278111673529,0.372727026658505,"41","minus","hard","beta"
0.0825303309335167,0.0794540506494184,0.372727026658505,"41","minus","medium","beta"
0.0825303309335167,0.116785902078829,0.372727026658505,"41","plus","easy","beta"
0.0825303309335167,0.0237278111673529,0.372727026658505,"41","plus","hard","beta"
0.0825303309335167,0.0794540506494184,0.372727026658505,"41","plus","medium","beta"
0.0704160559251373,0.115344391686891,0.321447007538338,"43","minus","easy","beta"
0.0704160559251373,0.0427109353888943,0.321447007538338,"43","minus","hard","beta"
0.0704160559251373,0.073165000065897,0.321447007538338,"43","minus","medium","beta"
0.0704160559251373,0.115344391686891,0.321447007538338,"43","plus","easy","beta"
0.0704160559251373,0.0427109353888943,0.321447007538338,"43","plus","hard","beta"
0.0704160559251373,0.073165000065897,0.321447007538338,"43","plus","medium","beta"
0.074409469868556,0.178731503564982,0.465453306224541,"44","minus","easy","beta"
0.074409469868556,0.0736208743141636,0.465453306224541,"44","minus","hard","beta"
0.074409469868556,0.123742237638777,0.465453306224541,"44","minus","medium","beta"
0.074409469868556,0.178731503564982,0.465453306224541,"44","plus","easy","beta"
0.074409469868556,0.0736208743141636,0.465453306224541,"44","plus","hard","beta"
0.074409469868556,0.123742237638777,0.465453306224541,"44","plus","medium","beta"
0.0704809401560693,0.185823336238442,0.376287001134656,"45","minus","easy","beta"
0.0704809401560693,0.0725473548670838,0.376287001134656,"45","minus","hard","beta"
0.0704809401560693,0.0981066745489776,0.376287001134656,"45","minus","medium","beta"
0.0704809401560693,0.185823336238442,0.376287001134656,"45","plus","easy","beta"
0.0704809401560693,0.0725473548670838,0.376287001134656,"45","plus","hard","beta"
0.0704809401560693,0.0981066745489776,0.376287001134656,"45","plus","medium","beta"
0.0653663534229005,0.180815658849589,0.375636355637942,"47","minus","easy","beta"
0.0653663534229005,0.089622464855651,0.375636355637942,"47","minus","hard","beta"
0.0653663534229005,0.0931237558331215,0.375636355637942,"47","minus","medium","beta"
0.0653663534229005,0.180815658849589,0.375636355637942,"47","plus","easy","beta"
0.0653663534229005,0.089622464855651,0.375636355637942,"47","plus","hard","beta"
0.0653663534229005,0.0931237558331215,0.375636355637942,"47","plus","medium","beta"
0.0661539497210258,0.240083713503671,0.422940548107922,"48","minus","easy","beta"
0.0661539497210258,0.0942441848408613,0.422940548107922,"48","minus","hard","beta"
0.0661539497210258,0.143300936008295,0.422940548107922,"48","minus","medium","beta"
0.0661539497210258,0.240083713503671,0.422940548107922,"48","plus","easy","beta"
0.0661539497210258,0.0942441848408613,0.422940548107922,"48","plus","hard","beta"
0.0661539497210258,0.143300936008295,0.422940548107922,"48","plus","medium","beta"
0.0683915902149669,0.0839125038669125,0.302201874714787,"49","minus","easy","beta"
0.0683915902149669,0.033912702826526,0.302201874714787,"49","minus","hard","beta"
0.0683915902149669,0.063943442963387,0.302201874714787,"49","minus","medium","beta"
0.0683915902149669,0.0839125038669125,0.302201874714787,"49","plus","easy","beta"
0.0683915902149669,0.033912702826526,0.302201874714787,"49","plus","hard","beta"
0.0683915902149669,0.063943442963387,0.302201874714787,"49","plus","medium","beta"
0.0826519728769063,0.180987943873783,0.60016266045102,"5","minus","easy","beta"
0.0826519728769063,0.0648718351621917,0.60016266045102,"5","minus","hard","beta"
0.0826519728769063,0.138047851642334,0.60016266045102,"5","minus","medium","beta"
0.0826519728769063,0.180987943873783,0.60016266045102,"5","plus","easy","beta"
0.0826519728769063,0.0648718351621917,0.60016266045102,"5","plus","hard","beta"
0.0826519728769063,0.138047851642334,0.60016266045102,"5","plus","medium","beta"
0.0690815206117962,0.171329549942156,0.476851313401229,"50","minus","easy","beta"
0.0690815206117962,0.0728309415574027,0.476851313401229,"50","minus","hard","beta"
0.0690815206117962,0.0835391801379485,0.476851313401229,"50","minus","medium","beta"
0.0690815206117962,0.171329549942156,0.476851313401229,"50","plus","easy","beta"
0.0690815206117962,0.0728309415574027,0.476851313401229,"50","plus","hard","beta"
0.0690815206117962,0.0835391801379485,0.476851313401229,"50","plus","medium","beta"
0.0845676052018284,0.20528606586057,0.573683854278952,"52","minus","easy","beta"
0.0845676052018284,0.0725846273004578,0.573683854278952,"52","minus","hard","beta"
0.0845676052018284,0.111553313250004,0.573683854278952,"52","minus","medium","beta"
0.0845676052018284,0.20528606586057,0.573683854278952,"52","plus","easy","beta"
0.0845676052018284,0.0725846273004578,0.573683854278952,"52","plus","hard","beta"
0.0845676052018284,0.111553313250004,0.573683854278952,"52","plus","medium","beta"
0.0933235728826173,0.125399485834729,0.421336228867797,"53","minus","easy","beta"
0.0933235728826173,0.0535491043125889,0.421336228867797,"53","minus","hard","beta"
0.0933235728826173,0.0770014672067667,0.421336228867797,"53","minus","medium","beta"
0.0933235728826173,0.125399485834729,0.421336228867797,"53","plus","easy","beta"
0.0933235728826173,0.0535491043125889,0.421336228867797,"53","plus","hard","beta"
0.0933235728826173,0.0770014672067667,0.421336228867797,"53","plus","medium","beta"
0.056133704766392,0.166899326170213,0.268929992169865,"54","minus","easy","beta"
0.056133704766392,0.0478579695906549,0.268929992169865,"54","minus","hard","beta"
0.056133704766392,0.0976517498477173,0.268929992169865,"54","minus","medium","beta"
0.056133704766392,0.166899326170213,0.268929992169865,"54","plus","easy","beta"
0.056133704766392,0.0478579695906549,0.268929992169865,"54","plus","hard","beta"
0.056133704766392,0.0976517498477173,0.268929992169865,"54","plus","medium","beta"
0.0814244392819867,0.127308195250794,0.492922893671381,"55","minus","easy","beta"
0.0814244392819867,0.0420706729168544,0.492922893671381,"55","minus","hard","beta"
0.0814244392819867,0.0733986488594233,0.492922893671381,"55","minus","medium","beta"
0.0814244392819867,0.127308195250794,0.492922893671381,"55","plus","easy","beta"
0.0814244392819867,0.0420706729168544,0.492922893671381,"55","plus","hard","beta"
0.0814244392819867,0.0733986488594233,0.492922893671381,"55","plus","medium","beta"
0.0712978718656914,0.136474349064486,0.601224727177139,"56","minus","easy","beta"
0.0712978718656914,0.0423754274664795,0.601224727177139,"56","minus","hard","beta"
0.0712978718656914,0.0736464790709927,0.601224727177139,"56","minus","medium","beta"
0.0712978718656914,0.136474349064486,0.601224727177139,"56","plus","easy","beta"
0.0712978718656914,0.0423754274664795,0.601224727177139,"56","plus","hard","beta"
0.0712978718656914,0.0736464790709927,0.601224727177139,"56","plus","medium","beta"
0.0606587335358007,0.203183172351499,0.435031229999795,"57","minus","easy","beta"
0.0606587335358007,0.0959236991472673,0.435031229999795,"57","minus","hard","beta"
0.0606587335358007,0.124925227375767,0.435031229999795,"57","minus","medium","beta"
0.0606587335358007,0.203183172351499,0.435031229999795,"57","plus","easy","beta"
0.0606587335358007,0.0959236991472673,0.435031229999795,"57","plus","hard","beta"
0.0606587335358007,0.124925227375767,0.435031229999795,"57","plus","medium","beta"
0.0687192061771497,0.224486219613341,0.488444446936809,"58","minus","easy","beta"
0.0687192061771497,0.0812589223581357,0.488444446936809,"58","minus","hard","beta"
0.0687192061771497,0.114883698283954,0.488444446936809,"58","minus","medium","beta"
0.0687192061771497,0.224486219613341,0.488444446936809,"58","plus","easy","beta"
0.0687192061771497,0.0812589223581357,0.488444446936809,"58","plus","hard","beta"
0.0687192061771497,0.114883698283954,0.488444446936809,"58","plus","medium","beta"
0.0607069620637639,0.226251638671919,0.427942028590618,"59","minus","easy","beta"
0.0607069620637639,0.117267959927047,0.427942028590618,"59","minus","hard","beta"
0.0607069620637639,0.154262163573778,0.427942028590618,"59","minus","medium","beta"
0.0607069620637639,0.226251638671919,0.427942028590618,"59","plus","easy","beta"
0.0607069620637639,0.117267959927047,0.427942028590618,"59","plus","hard","beta"
0.0607069620637639,0.154262163573778,0.427942028590618,"59","plus","medium","beta"
0.0908351364126778,0.178530764144989,0.402099619733211,"60","minus","easy","beta"
0.0908351364126778,0.0671587992219656,0.402099619733211,"60","minus","hard","beta"
0.0908351364126778,0.122591755814096,0.402099619733211,"60","minus","medium","beta"
0.0908351364126778,0.178530764144989,0.402099619733211,"60","plus","easy","beta"
0.0908351364126778,0.0671587992219656,0.402099619733211,"60","plus","hard","beta"
0.0908351364126778,0.122591755814096,0.402099619733211,"60","plus","medium","beta"
0.0948615320993964,0.166325334364928,0.330837047758116,"61","minus","easy","beta"
0.0948615320993964,0.0442068442547945,0.330837047758116,"61","minus","hard","beta"
0.0948615320993964,0.100170379776846,0.330837047758116,"61","minus","medium","beta"
0.0948615320993964,0.166325334364928,0.330837047758116,"61","plus","easy","beta"
0.0948615320993964,0.0442068442547945,0.330837047758116,"61","plus","hard","beta"
0.0948615320993964,0.100170379776846,0.330837047758116,"61","plus","medium","beta"
0.0740174826554026,0.132157527497028,0.383603746644306,"63","minus","easy","beta"
0.0740174826554026,0.0328101343166451,0.383603746644306,"63","minus","hard","beta"
0.0740174826554026,0.0752397812664662,0.383603746644306,"63","minus","medium","beta"
0.0740174826554026,0.132157527497028,0.383603746644306,"63","plus","easy","beta"
0.0740174826554026,0.0328101343166451,0.383603746644306,"63","plus","hard","beta"
0.0740174826554026,0.0752397812664662,0.383603746644306,"63","plus","medium","beta"
0.0728013198453902,0.138846905178134,0.467889886154724,"66","minus","easy","beta"
0.0728013198453902,0.0723988744484106,0.467889886154724,"66","minus","hard","beta"
0.0728013198453902,0.122973883925595,0.467889886154724,"66","minus","medium","beta"
0.0728013198453902,0.138846905178134,0.467889886154724,"66","plus","easy","beta"
0.0728013198453902,0.0723988744484106,0.467889886154724,"66","plus","hard","beta"
0.0728013198453902,0.122973883925595,0.467889886154724,"66","plus","medium","beta"
0.0743018353177412,0.179454576574216,0.453276784244874,"69","minus","easy","beta"
0.0743018353177412,0.0883148645863215,0.453276784244874,"69","minus","hard","beta"
0.0743018353177412,0.0955381928299873,0.453276784244874,"69","minus","medium","beta"
0.0743018353177412,0.179454576574216,0.453276784244874,"69","plus","easy","beta"
0.0743018353177412,0.0883148645863215,0.453276784244874,"69","plus","hard","beta"
0.0743018353177412,0.0955381928299873,0.453276784244874,"69","plus","medium","beta"
0.0638713002574482,0.208334746114322,0.434258236050554,"7","minus","easy","beta"
0.0638713002574482,0.0931870327167885,0.434258236050554,"7","minus","hard","beta"
0.0638713002574482,0.127368303443348,0.434258236050554,"7","minus","medium","beta"
0.0638713002574482,0.208334746114322,0.434258236050554,"7","plus","easy","beta"
0.0638713002574482,0.0931870327167885,0.434258236050554,"7","plus","hard","beta"
0.0638713002574482,0.127368303443348,0.434258236050554,"7","plus","medium","beta"
0.0737137910477067,0.283777417323816,0.34443976457355,"70","minus","easy","beta"
0.0737137910477067,0.0992947419687939,0.34443976457355,"70","minus","hard","beta"
0.0737137910477067,0.163914314999935,0.34443976457355,"70","minus","medium","beta"
0.0737137910477067,0.283777417323816,0.34443976457355,"70","plus","easy","beta"
0.0737137910477067,0.0992947419687939,0.34443976457355,"70","plus","hard","beta"
0.0737137910477067,0.163914314999935,0.34443976457355,"70","plus","medium","beta"
0.0951745214027033,0.23007868057825,0.40292198180702,"72","minus","easy","beta"
0.0951745214027033,0.0890172331376499,0.40292198180702,"72","minus","hard","beta"
0.0951745214027033,0.143595344712839,0.40292198180702,"72","minus","medium","beta"
0.0951745214027033,0.23007868057825,0.40292198180702,"72","plus","easy","beta"
0.0951745214027033,0.0890172331376499,0.40292198180702,"72","plus","hard","beta"
0.0951745214027033,0.143595344712839,0.40292198180702,"72","plus","medium","beta"
0.0741106647952641,0.125010000231338,0.292214599847328,"74","minus","easy","beta"
0.0741106647952641,0.0406933487381366,0.292214599847328,"74","minus","hard","beta"
0.0741106647952641,0.088867679646524,0.292214599847328,"74","minus","medium","beta"
0.0741106647952641,0.125010000231338,0.292214599847328,"74","plus","easy","beta"
0.0741106647952641,0.0406933487381366,0.292214599847328,"74","plus","hard","beta"
0.0741106647952641,0.088867679646524,0.292214599847328,"74","plus","medium","beta"
0.0796196676250745,0.207871710406379,0.516762970194804,"8","minus","easy","beta"
0.0796196676250745,0.0644155645194296,0.516762970194804,"8","minus","hard","beta"
0.0796196676250745,0.134598146113523,0.516762970194804,"8","minus","medium","beta"
0.0796196676250745,0.207871710406379,0.516762970194804,"8","plus","easy","beta"
0.0796196676250745,0.0644155645194296,0.516762970194804,"8","plus","hard","beta"
0.0796196676250745,0.134598146113523,0.516762970194804,"8","plus","medium","beta"
