"cost_ldc","a0","b0","eta_a","eta_b","bound","drift","ter","cost_ddm","sub","difflevel","manip","model","z","vratio"
0.00836700671304814,5.70910494442694,6.31423433249071,8.33114094807650e-11,7.10711407456773e-10,0.0853684202701332,0.168777670561207,0.582151482291796,0.00120012757382077,"100","easy","alpha","both",0,1
0.00836700671304814,5.70910494442694,6.31423433249071,8.33114094807650e-11,7.10711407456773e-10,0.0853684202701332,0.0447832758068112,0.582151482291796,0.00120012757382077,"100","hard","alpha","both",0,1
0.00836700671304814,5.70910494442694,6.31423433249071,8.33114094807650e-11,7.10711407456773e-10,0.0853684202701332,0.120172207322918,0.582151482291796,0.00120012757382077,"100","medium","alpha","both",0,1
0.00610372655487871,7.37193451853174,1.9207475564932,1.35976121373488e-10,1.78388120200043e-10,0.0729855975085697,0.172030290943066,0.374580890330205,0.00157465339135369,"101","easy","alpha","both",0,1
0.00610372655487871,7.37193451853174,1.9207475564932,1.35976121373488e-10,1.78388120200043e-10,0.0729855975085697,0.0729272537269987,0.374580890330205,0.00157465339135369,"101","hard","alpha","both",0,1
0.00610372655487871,7.37193451853174,1.9207475564932,1.35976121373488e-10,1.78388120200043e-10,0.0729855975085697,0.126333936543238,0.374580890330205,0.00157465339135369,"101","medium","alpha","both",0,1
0.01313283245199,15.6053326748636,-13.4876053894794,0.0245199366141587,13.9884080045238,0.0756281688203643,0.137199138711128,0.493600131101358,0.00120015274358227,"102","easy","alpha","both",0,1
0.01313283245199,15.6053326748636,-13.4876053894794,0.0245199366141587,13.9884080045238,0.0756281688203643,0.051580654495395,0.493600131101358,0.00120015274358227,"102","hard","alpha","both",0,1
0.01313283245199,15.6053326748636,-13.4876053894794,0.0245199366141587,13.9884080045238,0.0756281688203643,0.104855439929918,0.493600131101358,0.00120015274358227,"102","medium","alpha","both",0,1
0.00468993884606953,7.44796628924044,8.21243970522975,0.748413270740961,0.129486537026279,0.0760547613772059,0.204569146341687,0.464681391888497,0.00113590789564187,"103","easy","alpha","both",0,1
0.00468993884606953,7.44796628924044,8.21243970522975,0.748413270740961,0.129486537026279,0.0760547613772059,0.0878366978402376,0.464681391888497,0.00113590789564187,"103","hard","alpha","both",0,1
0.00468993884606953,7.44796628924044,8.21243970522975,0.748413270740961,0.129486537026279,0.0760547613772059,0.141489232747145,0.464681391888497,0.00113590789564187,"103","medium","alpha","both",0,1
0.00566481766761249,1.54544970239457,21.6671079261382,6.38383720042129,0.0050749878512435,0.0578520700950877,0.149888182489794,0.427725764070437,0.00170138843142009,"104","easy","alpha","both",0,1
0.00566481766761249,1.54544970239457,21.6671079261382,6.38383720042129,0.0050749878512435,0.0578520700950877,0.063644079662763,0.427725764070437,0.00170138843142009,"104","hard","alpha","both",0,1
0.00566481766761249,1.54544970239457,21.6671079261382,6.38383720042129,0.0050749878512435,0.0578520700950877,0.136177343315592,0.427725764070437,0.00170138843142009,"104","medium","alpha","both",0,1
0.00724705927787259,2.8649029783066,13.6795898991898,1.37850460318564,0.230864885846965,0.0845773544497561,0.139489117565683,0.514151854673906,0.00268689214690086,"105","easy","alpha","both",0,1
0.00724705927787259,2.8649029783066,13.6795898991898,1.37850460318564,0.230864885846965,0.0845773544497561,0.0498655588118164,0.514151854673906,0.00268689214690086,"105","hard","alpha","both",0,1
0.00724705927787259,2.8649029783066,13.6795898991898,1.37850460318564,0.230864885846965,0.0845773544497561,0.0979697025891218,0.514151854673906,0.00268689214690086,"105","medium","alpha","both",0,1
0.00553286695870683,2.88936618952972,9.06161855121802,0.00110564972635473,0.296125728829112,0.108524089667354,0.138708252557184,0.428190836411879,0.0016686267921147,"106","easy","alpha","both",0,1
0.00553286695870683,2.88936618952972,9.06161855121802,0.00110564972635473,0.296125728829112,0.108524089667354,0.0561144019083175,0.428190836411879,0.0016686267921147,"106","hard","alpha","both",0,1
0.00553286695870683,2.88936618952972,9.06161855121802,0.00110564972635473,0.296125728829112,0.108524089667354,0.103871977517132,0.428190836411879,0.0016686267921147,"106","medium","alpha","both",0,1
0.0054619907351743,8.07942087598891,3.76903589312643,1.69780730320309e-09,1.45446406875793e-10,0.0740391179386189,0.100035438017202,0.43238334317546,0.00209978082533448,"107","easy","alpha","both",0,1
0.0054619907351743,8.07942087598891,3.76903589312643,1.69780730320309e-09,1.45446406875793e-10,0.0740391179386189,0.0298392275738418,0.43238334317546,0.00209978082533448,"107","hard","alpha","both",0,1
0.0054619907351743,8.07942087598891,3.76903589312643,1.69780730320309e-09,1.45446406875793e-10,0.0740391179386189,0.043032214064213,0.43238334317546,0.00209978082533448,"107","medium","alpha","both",0,1
0.00679302704637035,48.722184486575,11.8341010460383,4.39512983675064,0.0901300212142145,0.0684725693923008,0.0961773954394394,0.451313907131977,0.00244311123588648,"108","easy","alpha","both",0,1
0.00679302704637035,48.722184486575,11.8341010460383,4.39512983675064,0.0901300212142145,0.0684725693923008,0.0596829513612153,0.451313907131977,0.00244311123588648,"108","hard","alpha","both",0,1
0.00679302704637035,48.722184486575,11.8341010460383,4.39512983675064,0.0901300212142145,0.0684725693923008,0.0629893428235774,0.451313907131977,0.00244311123588648,"108","medium","alpha","both",0,1
0.00566030261161859,7.48879619230272,13.4007470284696,2.48164766393122e-09,7.57125009865991e-10,0.0646620991517064,0.153821791382414,0.429951682109649,0.00204364204529548,"109","easy","alpha","both",0,1
0.00566030261161859,7.48879619230272,13.4007470284696,2.48164766393122e-09,7.57125009865991e-10,0.0646620991517064,0.0692553839823373,0.429951682109649,0.00204364204529548,"109","hard","alpha","both",0,1
0.00566030261161859,7.48879619230272,13.4007470284696,2.48164766393122e-09,7.57125009865991e-10,0.0646620991517064,0.107737153969621,0.429951682109649,0.00204364204529548,"109","medium","alpha","both",0,1
0.00380417114434308,23.2659869901437,12.4748858088262,0.000803041549860771,0.914573030206523,0.106133576177661,0.192582207384859,0.451410663554325,0.00312751995461675,"110","easy","alpha","both",0,1
0.00380417114434308,23.2659869901437,12.4748858088262,0.000803041549860771,0.914573030206523,0.106133576177661,0.0823331940254305,0.451410663554325,0.00312751995461675,"110","hard","alpha","both",0,1
0.00380417114434308,23.2659869901437,12.4748858088262,0.000803041549860771,0.914573030206523,0.106133576177661,0.12514096928345,0.451410663554325,0.00312751995461675,"110","medium","alpha","both",0,1
0.00945340222683711,2.57577533372029,13.1823566118971,5.5344158055443,0.0961326555631727,0.0755819518225742,0.206391003224193,0.438435092517504,0.00270752934281596,"111","easy","alpha","both",0,1
0.00945340222683711,2.57577533372029,13.1823566118971,5.5344158055443,0.0961326555631727,0.0755819518225742,0.0861252263817966,0.438435092517504,0.00270752934281596,"111","hard","alpha","both",0,1
0.00945340222683711,2.57577533372029,13.1823566118971,5.5344158055443,0.0961326555631727,0.0755819518225742,0.141306269459329,0.438435092517504,0.00270752934281596,"111","medium","alpha","both",0,1
0.015242402155345,0.919042536700935,3.12095573466116,4.93098211731771,0.315514676966625,0.0514668956271513,0.103708095625623,0.239034957676541,0.00556241775330975,"112","easy","alpha","both",0,1
0.015242402155345,0.919042536700935,3.12095573466116,4.93098211731771,0.315514676966625,0.0514668956271513,0.0374693551390107,0.239034957676541,0.00556241775330975,"112","hard","alpha","both",0,1
0.015242402155345,0.919042536700935,3.12095573466116,4.93098211731771,0.315514676966625,0.0514668956271513,0.100529748944117,0.239034957676541,0.00556241775330975,"112","medium","alpha","both",0,1
0.00617314830247213,1.36087892360978,16.6741239058811,1.56085435163249,0.0671915703486873,0.10735173838759,0.175270795616457,0.354719923321014,0.00211163260807621,"113","easy","alpha","both",0,1
0.00617314830247213,1.36087892360978,16.6741239058811,1.56085435163249,0.0671915703486873,0.10735173838759,0.0395778654927845,0.354719923321014,0.00211163260807621,"113","hard","alpha","both",0,1
0.00617314830247213,1.36087892360978,16.6741239058811,1.56085435163249,0.0671915703486873,0.10735173838759,0.101461717241691,0.354719923321014,0.00211163260807621,"113","medium","alpha","both",0,1
0.00420855267064591,19.4253351281297,19.7590659877346,1.81507772391831e-10,2.54245622330453e-10,0.0705779979200756,0.160240452757603,0.393799508236771,0.00115145852579715,"115","easy","alpha","both",0,1
0.00420855267064591,19.4253351281297,19.7590659877346,1.81507772391831e-10,2.54245622330453e-10,0.0705779979200756,0.0662465089417774,0.393799508236771,0.00115145852579715,"115","hard","alpha","both",0,1
0.00420855267064591,19.4253351281297,19.7590659877346,1.81507772391831e-10,2.54245622330453e-10,0.0705779979200756,0.0976940361460794,0.393799508236771,0.00115145852579715,"115","medium","alpha","both",0,1
0.00783033529676867,11.6032137019404,13.3917046827316,5.75432688717499e-11,3.09262230564996e-09,0.0655797727005153,0.224193303250118,0.441307860196743,0.00200598912404468,"116","easy","alpha","both",0,1
0.00783033529676867,11.6032137019404,13.3917046827316,5.75432688717499e-11,3.09262230564996e-09,0.0655797727005153,0.0604147710035848,0.441307860196743,0.00200598912404468,"116","hard","alpha","both",0,1
0.00783033529676867,11.6032137019404,13.3917046827316,5.75432688717499e-11,3.09262230564996e-09,0.0655797727005153,0.15129924503628,0.441307860196743,0.00200598912404468,"116","medium","alpha","both",0,1
0.0104707987196272,10.6264964230847,0.418407924300991,9.90756246107626e-10,1.47076898181134e-10,0.0828171290760622,0.170763437018582,0.344279684070819,0.00215928750749552,"117","easy","alpha","both",0,1
0.0104707987196272,10.6264964230847,0.418407924300991,9.90756246107626e-10,1.47076898181134e-10,0.0828171290760622,0.0568963425336982,0.344279684070819,0.00215928750749552,"117","hard","alpha","both",0,1
0.0104707987196272,10.6264964230847,0.418407924300991,9.90756246107626e-10,1.47076898181134e-10,0.0828171290760622,0.104852302622695,0.344279684070819,0.00215928750749552,"117","medium","alpha","both",0,1
0.00700211962385377,22.2943198116586,6.01630608822798,0.176469687059623,8.80478537432948,0.0591665941466145,0.183829904006304,0.399288428657369,0.00190219639853671,"118","easy","alpha","both",0,1
0.00700211962385377,22.2943198116586,6.01630608822798,0.176469687059623,8.80478537432948,0.0591665941466145,0.0353181550515606,0.399288428657369,0.00190219639853671,"118","hard","alpha","both",0,1
0.00700211962385377,22.2943198116586,6.01630608822798,0.176469687059623,8.80478537432948,0.0591665941466145,0.0910572875201444,0.399288428657369,0.00190219639853671,"118","medium","alpha","both",0,1
0.00681013586623206,10.6822934488448,7.8684125609078,1.45209941110273e-08,6.42760148619442e-10,0.067699534360066,0.100903009374423,0.298152325815616,0.00209620129486481,"120","easy","alpha","both",0,1
0.00681013586623206,10.6822934488448,7.8684125609078,1.45209941110273e-08,6.42760148619442e-10,0.067699534360066,0.0385318370793392,0.298152325815616,0.00209620129486481,"120","hard","alpha","both",0,1
0.00681013586623206,10.6822934488448,7.8684125609078,1.45209941110273e-08,6.42760148619442e-10,0.067699534360066,0.0689934715885432,0.298152325815616,0.00209620129486481,"120","medium","alpha","both",0,1
0.00410845058915081,8.54834496718705,7.05187502536143,1.43548617742936,0.111804237968548,0.0771639111384833,0.137741044543623,0.291985968105229,0.00273025671173819,"121","easy","alpha","both",0,1
0.00410845058915081,8.54834496718705,7.05187502536143,1.43548617742936,0.111804237968548,0.0771639111384833,0.0501125217542788,0.291985968105229,0.00273025671173819,"121","hard","alpha","both",0,1
0.00410845058915081,8.54834496718705,7.05187502536143,1.43548617742936,0.111804237968548,0.0771639111384833,0.0862669211645756,0.291985968105229,0.00273025671173819,"121","medium","alpha","both",0,1
0.00429226108107541,4.83730389743602,8.82419998205577,0.481471083401342,0.0115490529205922,0.101334210978657,0.137260391850932,0.414365201369211,0.00127284444444444,"122","easy","alpha","both",0,1
0.00429226108107541,4.83730389743602,8.82419998205577,0.481471083401342,0.0115490529205922,0.101334210978657,0.0592703643590211,0.414365201369211,0.00127284444444444,"122","hard","alpha","both",0,1
0.00429226108107541,4.83730389743602,8.82419998205577,0.481471083401342,0.0115490529205922,0.101334210978657,0.100207348516486,0.414365201369211,0.00127284444444444,"122","medium","alpha","both",0,1
0.00853647678267431,0.852776911193224,15.9290069581248,14.9151957064657,0.00780802538503966,0.0827119534264203,0.162238283117959,0.354537767401575,0.00241800156927778,"123","easy","alpha","both",0,1
0.00853647678267431,0.852776911193224,15.9290069581248,14.9151957064657,0.00780802538503966,0.0827119534264203,0.080840867018491,0.354537767401575,0.00241800156927778,"123","hard","alpha","both",0,1
0.00853647678267431,0.852776911193224,15.9290069581248,14.9151957064657,0.00780802538503966,0.0827119534264203,0.134261374756652,0.354537767401575,0.00241800156927778,"123","medium","alpha","both",0,1
0.00911763575415072,4.38695249764066,9.43159242642102,0.340916019228017,0.180365308193943,0.0592572330244899,0.261648668104009,0.434477310252939,0.00212971238427141,"124","easy","alpha","both",0,1
0.00911763575415072,4.38695249764066,9.43159242642102,0.340916019228017,0.180365308193943,0.0592572330244899,0.115606868953175,0.434477310252939,0.00212971238427141,"124","hard","alpha","both",0,1
0.00911763575415072,4.38695249764066,9.43159242642102,0.340916019228017,0.180365308193943,0.0592572330244899,0.144869091816658,0.434477310252939,0.00212971238427141,"124","medium","alpha","both",0,1
0.00400458016296419,16.2535382719089,13.8952235162121,0.942698020570184,5.37749692056593,0.0664967113425122,0.213640560616697,0.418399791789895,0.00126422393119016,"125","easy","alpha","both",0,1
0.00400458016296419,16.2535382719089,13.8952235162121,0.942698020570184,5.37749692056593,0.0664967113425122,0.0733993107458487,0.418399791789895,0.00126422393119016,"125","hard","alpha","both",0,1
0.00400458016296419,16.2535382719089,13.8952235162121,0.942698020570184,5.37749692056593,0.0664967113425122,0.150544785839969,0.418399791789895,0.00126422393119016,"125","medium","alpha","both",0,1
0.00676619259745192,12.7807058971985,19.626045622268,3.50316249423037e-11,5.08755001638126e-11,0.0862254175786216,0.126987305695011,0.366551686670181,0.00110651501154729,"126","easy","alpha","both",0,1
0.00676619259745192,12.7807058971985,19.626045622268,3.50316249423037e-11,5.08755001638126e-11,0.0862254175786216,0.0493539897766511,0.366551686670181,0.00110651501154729,"126","hard","alpha","both",0,1
0.00676619259745192,12.7807058971985,19.626045622268,3.50316249423037e-11,5.08755001638126e-11,0.0862254175786216,0.107666818006288,0.366551686670181,0.00110651501154729,"126","medium","alpha","both",0,1
0.00639687006660306,6.15995399568453,6.21765227982096,1.67728895711754e-09,8.32220274869475e-10,0.079168846738252,0.222118049209035,0.537760555499455,0.00253348326745119,"127","easy","alpha","both",0,1
0.00639687006660306,6.15995399568453,6.21765227982096,1.67728895711754e-09,8.32220274869475e-10,0.079168846738252,0.117189994763173,0.537760555499455,0.00253348326745119,"127","hard","alpha","both",0,1
0.00639687006660306,6.15995399568453,6.21765227982096,1.67728895711754e-09,8.32220274869475e-10,0.079168846738252,0.187081386020244,0.537760555499455,0.00253348326745119,"127","medium","alpha","both",0,1
0.0135959049897413,17.1818184671715,4.85871096195648,0.699316514849597,27.6478700109853,0.0756723379906485,0.130837287388283,0.406296985800666,0.00322543317178291,"128","easy","alpha","both",0,1
0.0135959049897413,17.1818184671715,4.85871096195648,0.699316514849597,27.6478700109853,0.0756723379906485,0.0466025986871556,0.406296985800666,0.00322543317178291,"128","hard","alpha","both",0,1
0.0135959049897413,17.1818184671715,4.85871096195648,0.699316514849597,27.6478700109853,0.0756723379906485,0.10241180411726,0.406296985800666,0.00322543317178291,"128","medium","alpha","both",0,1
0.00796132741393733,22.5294428598848,9.42077655896876,3.22456100127597e-08,1.52221650265226e-07,0.0904819590966953,0.0994864726543311,0.290842035631393,0.00180835766929602,"130","easy","alpha","both",0,1
0.00796132741393733,22.5294428598848,9.42077655896876,3.22456100127597e-08,1.52221650265226e-07,0.0904819590966953,0.0286627606531169,0.290842035631393,0.00180835766929602,"130","hard","alpha","both",0,1
0.00796132741393733,22.5294428598848,9.42077655896876,3.22456100127597e-08,1.52221650265226e-07,0.0904819590966953,0.0682448517301495,0.290842035631393,0.00180835766929602,"130","medium","alpha","both",0,1
0.0070524268397205,31.2547767389535,7.7313702187107,2.35973922368428e-10,5.15159846425021e-09,0.0709150179568276,0.154863893172777,0.302679576705147,0.00204773429503706,"132","easy","alpha","both",0,1
0.0070524268397205,31.2547767389535,7.7313702187107,2.35973922368428e-10,5.15159846425021e-09,0.0709150179568276,0.0941582979220368,0.302679576705147,0.00204773429503706,"132","hard","alpha","both",0,1
0.0070524268397205,31.2547767389535,7.7313702187107,2.35973922368428e-10,5.15159846425021e-09,0.0709150179568276,0.150987917490781,0.302679576705147,0.00204773429503706,"132","medium","alpha","both",0,1
0.00497105109525605,11.6223853477079,33.6052294235863,2.87865152338785,0.0881675449899643,0.080275460455159,0.163738826965672,0.461443331904512,0.00269724137380702,"1320","easy","alpha","both",0,1
0.00497105109525605,11.6223853477079,33.6052294235863,2.87865152338785,0.0881675449899643,0.080275460455159,0.0386988225069197,0.461443331904512,0.00269724137380702,"1320","hard","alpha","both",0,1
0.00497105109525605,11.6223853477079,33.6052294235863,2.87865152338785,0.0881675449899643,0.080275460455159,0.0732936000583713,0.461443331904512,0.00269724137380702,"1320","medium","alpha","both",0,1
0.0112160177877416,13.3058600610241,5.25830391666669,4.24800947022567e-10,1.34372927345147e-09,0.0723668604010193,0.101450399830038,0.405986252337261,0.00115698121484526,"134","easy","alpha","both",0,1
0.0112160177877416,13.3058600610241,5.25830391666669,4.24800947022567e-10,1.34372927345147e-09,0.0723668604010193,0.0300165352246381,0.405986252337261,0.00115698121484526,"134","hard","alpha","both",0,1
0.0112160177877416,13.3058600610241,5.25830391666669,4.24800947022567e-10,1.34372927345147e-09,0.0723668604010193,0.0721728281139771,0.405986252337261,0.00115698121484526,"134","medium","alpha","both",0,1
0.00898934522179573,0.503645528406831,12.3918614734875,5.39680446780982,0.0165700341491248,0.0715050730627727,0.256246829105177,0.346587762932602,0.0017534066095574,"75","easy","alpha","both",0,1
0.00898934522179573,0.503645528406831,12.3918614734875,5.39680446780982,0.0165700341491248,0.0715050730627727,0.0760109208287059,0.346587762932602,0.0017534066095574,"75","hard","alpha","both",0,1
0.00898934522179573,0.503645528406831,12.3918614734875,5.39680446780982,0.0165700341491248,0.0715050730627727,0.15063193643991,0.346587762932602,0.0017534066095574,"75","medium","alpha","both",0,1
0.00667351707236767,5.78209993918472,9.97751261638882,0.7639012592719,0.0429456176346794,0.091416949590215,0.179359632730138,0.355577991940702,0.00206200303390918,"76","easy","alpha","both",0,1
0.00667351707236767,5.78209993918472,9.97751261638882,0.7639012592719,0.0429456176346794,0.091416949590215,0.0709285179563969,0.355577991940702,0.00206200303390918,"76","hard","alpha","both",0,1
0.00667351707236767,5.78209993918472,9.97751261638882,0.7639012592719,0.0429456176346794,0.091416949590215,0.127915756298441,0.355577991940702,0.00206200303390918,"76","medium","alpha","both",0,1
0.00834561274931787,10.7195995624699,8.0144034214199,5.8921902334439e-09,3.93455816147968e-09,0.0782043632676897,0.186612800190992,0.419455373613264,0.00165133079980964,"77","easy","alpha","both",0,1
0.00834561274931787,10.7195995624699,8.0144034214199,5.8921902334439e-09,3.93455816147968e-09,0.0782043632676897,0.0476886948810288,0.419455373613264,0.00165133079980964,"77","hard","alpha","both",0,1
0.00834561274931787,10.7195995624699,8.0144034214199,5.8921902334439e-09,3.93455816147968e-09,0.0782043632676897,0.110113307241789,0.419455373613264,0.00165133079980964,"77","medium","alpha","both",0,1
0.0038183047349504,0.224868563171916,9.78687938183444,0.582994891490488,0.0232956157181126,0.0627399872311884,0.268769161168505,0.560128456721249,0.00324548754882942,"78","easy","alpha","both",0,1
0.0038183047349504,0.224868563171916,9.78687938183444,0.582994891490488,0.0232956157181126,0.0627399872311884,0.098758184231532,0.560128456721249,0.00324548754882942,"78","hard","alpha","both",0,1
0.0038183047349504,0.224868563171916,9.78687938183444,0.582994891490488,0.0232956157181126,0.0627399872311884,0.13625471563623,0.560128456721249,0.00324548754882942,"78","medium","alpha","both",0,1
0.0103398427712936,13.8293586431431,11.7395420072744,4.10765342837612e-09,1.77527501139843e-08,0.0962674335327471,0.171854664780965,0.454253155331852,0.00109913357035495,"79","easy","alpha","both",0,1
0.0103398427712936,13.8293586431431,11.7395420072744,4.10765342837612e-09,1.77527501139843e-08,0.0962674335327471,0.0526891544675471,0.454253155331852,0.00109913357035495,"79","hard","alpha","both",0,1
0.0103398427712936,13.8293586431431,11.7395420072744,4.10765342837612e-09,1.77527501139843e-08,0.0962674335327471,0.0897129513036269,0.454253155331852,0.00109913357035495,"79","medium","alpha","both",0,1
0.00570754269605118,3.57703267407684,8.0016117653195,1.10688357420697e-10,1.0014007445412e-10,0.0625420803366987,0.194143246023641,0.510794942294166,0.00226273314823953,"80","easy","alpha","both",0,1
0.00570754269605118,3.57703267407684,8.0016117653195,1.10688357420697e-10,1.0014007445412e-10,0.0625420803366987,0.0736950141013872,0.510794942294166,0.00226273314823953,"80","hard","alpha","both",0,1
0.00570754269605118,3.57703267407684,8.0016117653195,1.10688357420697e-10,1.0014007445412e-10,0.0625420803366987,0.144298159422835,0.510794942294166,0.00226273314823953,"80","medium","alpha","both",0,1
0.00419736334593011,39.1958784263968,28.313295513447,0.0434861173876404,2.12982651094885,0.0697791094869668,0.141489732373357,0.325445145345906,0.00100846879472466,"81","easy","alpha","both",0,1
0.00419736334593011,39.1958784263968,28.313295513447,0.0434861173876404,2.12982651094885,0.0697791094869668,0.0404824887853902,0.325445145345906,0.00100846879472466,"81","hard","alpha","both",0,1
0.00419736334593011,39.1958784263968,28.313295513447,0.0434861173876404,2.12982651094885,0.0697791094869668,0.0973382531988539,0.325445145345906,0.00100846879472466,"81","medium","alpha","both",0,1
0.00537658149922017,11.900557194248,13.7463111595704,1.1309851407758e-10,9.95038094829858e-11,0.0878716717165965,0.186568588101316,0.338927506847261,0.00117684102779868,"82","easy","alpha","both",0,1
0.00537658149922017,11.900557194248,13.7463111595704,1.1309851407758e-10,9.95038094829858e-11,0.0878716717165965,0.0495060935560012,0.338927506847261,0.00117684102779868,"82","hard","alpha","both",0,1
0.00537658149922017,11.900557194248,13.7463111595704,1.1309851407758e-10,9.95038094829858e-11,0.0878716717165965,0.104072876118999,0.338927506847261,0.00117684102779868,"82","medium","alpha","both",0,1
0.00820973285210863,0.555896629890195,15.6974707123614,2.97186001760961,0.809246172593617,0.0827725753297597,0.192521783909454,0.390274539910559,0.00140337162171448,"84","easy","alpha","both",0,1
0.00820973285210863,0.555896629890195,15.6974707123614,2.97186001760961,0.809246172593617,0.0827725753297597,0.0735572056702165,0.390274539910559,0.00140337162171448,"84","hard","alpha","both",0,1
0.00820973285210863,0.555896629890195,15.6974707123614,2.97186001760961,0.809246172593617,0.0827725753297597,0.11324400685709,0.390274539910559,0.00140337162171448,"84","medium","alpha","both",0,1
0.00751918118144173,5.09207728105877,7.82302570978396,1.3316262555405,0.013634726309524,0.0801748817842018,0.175053449623731,0.403235400846966,0.00124519187526124,"85","easy","alpha","both",0,1
0.00751918118144173,5.09207728105877,7.82302570978396,1.3316262555405,0.013634726309524,0.0801748817842018,0.0580294522853741,0.403235400846966,0.00124519187526124,"85","hard","alpha","both",0,1
0.00751918118144173,5.09207728105877,7.82302570978396,1.3316262555405,0.013634726309524,0.0801748817842018,0.130955540186927,0.403235400846966,0.00124519187526124,"85","medium","alpha","both",0,1
0.00624809084283382,15.0034209737838,8.46093499211244,2.96964136119048,0.0169672379831846,0.0633901467567521,0.325169823693209,0.39248352100853,0.00375630841550303,"86","easy","alpha","both",0,1
0.00624809084283382,15.0034209737838,8.46093499211244,2.96964136119048,0.0169672379831846,0.0633901467567521,0.077354309708762,0.39248352100853,0.00375630841550303,"86","hard","alpha","both",0,1
0.00624809084283382,15.0034209737838,8.46093499211244,2.96964136119048,0.0169672379831846,0.0633901467567521,0.143319616983644,0.39248352100853,0.00375630841550303,"86","medium","alpha","both",0,1
0.00481390558712124,5.82623367351016,11.0939340212592,12.0409017833968,0.156139911793446,0.0536427750201847,0.326995561415796,0.466417519417024,0.00379963816802441,"87","easy","alpha","both",0,1
0.00481390558712124,5.82623367351016,11.0939340212592,12.0409017833968,0.156139911793446,0.0536427750201847,0.116533669933987,0.466417519417024,0.00379963816802441,"87","hard","alpha","both",0,1
0.00481390558712124,5.82623367351016,11.0939340212592,12.0409017833968,0.156139911793446,0.0536427750201847,0.17772361341486,0.466417519417024,0.00379963816802441,"87","medium","alpha","both",0,1
0.00807599334583544,15.2973066949757,8.89645269857927,0.0653211082949152,5.50795667977233,0.0702505753516192,0.15909611728649,0.358992354060883,0.00121791103272585,"89","easy","alpha","both",0,1
0.00807599334583544,15.2973066949757,8.89645269857927,0.0653211082949152,5.50795667977233,0.0702505753516192,0.0786955886081555,0.358992354060883,0.00121791103272585,"89","hard","alpha","both",0,1
0.00807599334583544,15.2973066949757,8.89645269857927,0.0653211082949152,5.50795667977233,0.0702505753516192,0.09115970966916,0.358992354060883,0.00121791103272585,"89","medium","alpha","both",0,1
0.00853485524446274,13.7788250362202,12.1912897524306,0.0271316456733669,1.44959012389035,0.0672347276979011,0.165741851546424,0.527776841641768,0.00104683047880481,"91","easy","alpha","both",0,1
0.00853485524446274,13.7788250362202,12.1912897524306,0.0271316456733669,1.44959012389035,0.0672347276979011,0.0563882721584588,0.527776841641768,0.00104683047880481,"91","hard","alpha","both",0,1
0.00853485524446274,13.7788250362202,12.1912897524306,0.0271316456733669,1.44959012389035,0.0672347276979011,0.125350824540646,0.527776841641768,0.00104683047880481,"91","medium","alpha","both",0,1
0.00546981780066831,12.1626916148191,8.95522590356538,0.0473063602485917,6.42150501570248,0.0760445083513983,0.170032335657593,0.541583617273759,0.0018625495044502,"92","easy","alpha","both",0,1
0.00546981780066831,12.1626916148191,8.95522590356538,0.0473063602485917,6.42150501570248,0.0760445083513983,0.044261702500273,0.541583617273759,0.0018625495044502,"92","hard","alpha","both",0,1
0.00546981780066831,12.1626916148191,8.95522590356538,0.0473063602485917,6.42150501570248,0.0760445083513983,0.109270697457487,0.541583617273759,0.0018625495044502,"92","medium","alpha","both",0,1
0.00675546365648271,12.8994892604388,10.4701730587661,0.172393819293767,4.2309532560779,0.0542602062724669,0.275784525597554,0.441348525772874,0.0014916912661764,"94","easy","alpha","both",0,1
0.00675546365648271,12.8994892604388,10.4701730587661,0.172393819293767,4.2309532560779,0.0542602062724669,0.0949382565168803,0.441348525772874,0.0014916912661764,"94","hard","alpha","both",0,1
0.00675546365648271,12.8994892604388,10.4701730587661,0.172393819293767,4.2309532560779,0.0542602062724669,0.17345696770449,0.441348525772874,0.0014916912661764,"94","medium","alpha","both",0,1
0.00451440752314473,3.1716155878894,8.28415942301307,6.02289489037058e-11,3.42890036427363e-11,0.0714325206210141,0.242181084664942,0.529564609332961,0.00173065461193966,"95","easy","alpha","both",0,1
0.00451440752314473,3.1716155878894,8.28415942301307,6.02289489037058e-11,3.42890036427363e-11,0.0714325206210141,0.114365604888066,0.529564609332961,0.00173065461193966,"95","hard","alpha","both",0,1
0.00451440752314473,3.1716155878894,8.28415942301307,6.02289489037058e-11,3.42890036427363e-11,0.0714325206210141,0.183774958735535,0.529564609332961,0.00173065461193966,"95","medium","alpha","both",0,1
0.0126709108089222,1.6175300776136,5.26559347516585,3.06661014955388,0.0276480890626763,0.0520304567077909,0.234961660242203,0.493957688988674,0.00345637895075726,"96","easy","alpha","both",0,1
0.0126709108089222,1.6175300776136,5.26559347516585,3.06661014955388,0.0276480890626763,0.0520304567077909,0.0950656506448584,0.493957688988674,0.00345637895075726,"96","hard","alpha","both",0,1
0.0126709108089222,1.6175300776136,5.26559347516585,3.06661014955388,0.0276480890626763,0.0520304567077909,0.125526813501645,0.493957688988674,0.00345637895075726,"96","medium","alpha","both",0,1
0.00918759235545459,1.36321553961704,14.6311668342517,1.90264255368596,0.248619010141841,0.0762317752112232,0.201271847104704,0.35117263434907,0.00108668143827657,"97","easy","alpha","both",0,1
0.00918759235545459,1.36321553961704,14.6311668342517,1.90264255368596,0.248619010141841,0.0762317752112232,0.0902201534161449,0.35117263434907,0.00108668143827657,"97","hard","alpha","both",0,1
0.00918759235545459,1.36321553961704,14.6311668342517,1.90264255368596,0.248619010141841,0.0762317752112232,0.133985083073646,0.35117263434907,0.00108668143827657,"97","medium","alpha","both",0,1
0.00682376776660436,28.9513662897348,17.4075912605774,3.83681141330407e-09,7.97421893338257e-10,0.0643656963569084,0.163419131155457,0.416872635074587,0.00335202548402442,"98","easy","alpha","both",0,1
0.00682376776660436,28.9513662897348,17.4075912605774,3.83681141330407e-09,7.97421893338257e-10,0.0643656963569084,0.0402510956994273,0.416872635074587,0.00335202548402442,"98","hard","alpha","both",0,1
0.00682376776660436,28.9513662897348,17.4075912605774,3.83681141330407e-09,7.97421893338257e-10,0.0643656963569084,0.116432683238005,0.416872635074587,0.00335202548402442,"98","medium","alpha","both",0,1
0.00582389722587391,5.66840297009197,1.54975607047277,0.091710937001763,0.000304876110403691,0.0668278248483527,0.237832836826373,0.407320378991658,0.00209658709162677,"99","easy","alpha","both",0,1
0.00582389722587391,5.66840297009197,1.54975607047277,0.091710937001763,0.000304876110403691,0.0668278248483527,0.0839254539208606,0.407320378991658,0.00209658709162677,"99","hard","alpha","both",0,1
0.00582389722587391,5.66840297009197,1.54975607047277,0.091710937001763,0.000304876110403691,0.0668278248483527,0.161887644368653,0.407320378991658,0.00209658709162677,"99","medium","alpha","both",0,1
0.0048734874309485,8.578109321557,2.90274232661246,4.82287201496541e-10,4.02921391746778e-11,0.0702215085746894,0.147455421388311,0.351202370963879,0.00264610628201898,"10","easy","beta","both",0,1
0.0048734874309485,8.578109321557,2.90274232661246,4.82287201496541e-10,4.02921391746778e-11,0.0702215085746894,0.0442437786059231,0.351202370963879,0.00264610628201898,"10","hard","beta","both",0,1
0.0048734874309485,8.578109321557,2.90274232661246,4.82287201496541e-10,4.02921391746778e-11,0.0702215085746894,0.113670124508205,0.351202370963879,0.00264610628201898,"10","medium","beta","both",0,1
0.00908425214631795,1.37604993827641,9.0925795623514,1.02153731915946,0.0683465456806783,0.0771845540582884,0.152573604438537,0.451732968307513,0.0014313448703499,"11","easy","beta","both",0,1
0.00908425214631795,1.37604993827641,9.0925795623514,1.02153731915946,0.0683465456806783,0.0771845540582884,0.0540224942013955,0.451732968307513,0.0014313448703499,"11","hard","beta","both",0,1
0.00908425214631795,1.37604993827641,9.0925795623514,1.02153731915946,0.0683465456806783,0.0771845540582884,0.102338616222144,0.451732968307513,0.0014313448703499,"11","medium","beta","both",0,1
0.00912843847297445,0.866402655834496,8.20365728825989,2.87002697573912,0.973612237043874,0.0686545436716789,0.237053941162595,0.439962657488282,0.00167398246589543,"12","easy","beta","both",0,1
0.00912843847297445,0.866402655834496,8.20365728825989,2.87002697573912,0.973612237043874,0.0686545436716789,0.111936223151198,0.439962657488282,0.00167398246589543,"12","hard","beta","both",0,1
0.00912843847297445,0.866402655834496,8.20365728825989,2.87002697573912,0.973612237043874,0.0686545436716789,0.156759996061851,0.439962657488282,0.00167398246589543,"12","medium","beta","both",0,1
0.0113551678285027,2.00505120644054,9.51630251593133,2.07935300360353e-10,1.0411909388388e-09,0.0685268444629123,0.252178135971932,0.530693801838606,0.00139126844153299,"13","easy","beta","both",0,1
0.0113551678285027,2.00505120644054,9.51630251593133,2.07935300360353e-10,1.0411909388388e-09,0.0685268444629123,0.0682887780831329,0.530693801838606,0.00139126844153299,"13","hard","beta","both",0,1
0.0113551678285027,2.00505120644054,9.51630251593133,2.07935300360353e-10,1.0411909388388e-09,0.0685268444629123,0.125548415085357,0.530693801838606,0.00139126844153299,"13","medium","beta","both",0,1
0.00783683909091211,24.4467054708564,11.956885634611,6.00447714869212e-09,2.47813278798198e-08,0.0740972761761291,0.183522602340936,0.363078373681258,0.00312115815965577,"15","easy","beta","both",0,1
0.00783683909091211,24.4467054708564,11.956885634611,6.00447714869212e-09,2.47813278798198e-08,0.0740972761761291,0.0669522015173644,0.363078373681258,0.00312115815965577,"15","hard","beta","both",0,1
0.00783683909091211,24.4467054708564,11.956885634611,6.00447714869212e-09,2.47813278798198e-08,0.0740972761761291,0.103618582608382,0.363078373681258,0.00312115815965577,"15","medium","beta","both",0,1
0.00695338827048628,0.533668016851246,10.5770567720944,2.23260172560301,0.164951519174266,0.0680030731671369,0.254071823924333,0.468088356313981,0.00191129626047273,"16","easy","beta","both",0,1
0.00695338827048628,0.533668016851246,10.5770567720944,2.23260172560301,0.164951519174266,0.0680030731671369,0.129989175972064,0.468088356313981,0.00191129626047273,"16","hard","beta","both",0,1
0.00695338827048628,0.533668016851246,10.5770567720944,2.23260172560301,0.164951519174266,0.0680030731671369,0.15344405155046,0.468088356313981,0.00191129626047273,"16","medium","beta","both",0,1
0.00471237531166902,3.2787865272552,8.34625508489096,0.172230144761142,0.00415692317138988,0.0904317587717607,0.162178628790216,0.461336481111119,0.00205850550096582,"17","easy","beta","both",0,1
0.00471237531166902,3.2787865272552,8.34625508489096,0.172230144761142,0.00415692317138988,0.0904317587717607,0.0634585688224484,0.461336481111119,0.00205850550096582,"17","hard","beta","both",0,1
0.00471237531166902,3.2787865272552,8.34625508489096,0.172230144761142,0.00415692317138988,0.0904317587717607,0.130042725808007,0.461336481111119,0.00205850550096582,"17","medium","beta","both",0,1
0.00465181933468533,5.24325795308627,6.89890113406915,1.06916208556895e-10,1.92288760021915e-10,0.0840043233001117,0.217833932743944,0.529877876383559,0.000811374455664709,"2","easy","beta","both",0,1
0.00465181933468533,5.24325795308627,6.89890113406915,1.06916208556895e-10,1.92288760021915e-10,0.0840043233001117,0.07049834018542,0.529877876383559,0.000811374455664709,"2","hard","beta","both",0,1
0.00465181933468533,5.24325795308627,6.89890113406915,1.06916208556895e-10,1.92288760021915e-10,0.0840043233001117,0.138660937271272,0.529877876383559,0.000811374455664709,"2","medium","beta","both",0,1
0.0112718297993858,0.961772486582854,2.34911130015147,7.24454024689007,0.733780828474115,0.0502062687448677,0.167653379390557,0.45540916792597,0.00217078482959637,"20","easy","beta","both",0,1
0.0112718297993858,0.961772486582854,2.34911130015147,7.24454024689007,0.733780828474115,0.0502062687448677,0.0345353521847521,0.45540916792597,0.00217078482959637,"20","hard","beta","both",0,1
0.0112718297993858,0.961772486582854,2.34911130015147,7.24454024689007,0.733780828474115,0.0502062687448677,0.136719383822455,0.45540916792597,0.00217078482959637,"20","medium","beta","both",0,1
0.0103544314244321,6.85321475639525,1.19600610736873,9.13942180728641,0.19153145397062,0.0805088961748893,0.150482859873492,0.390235728492956,0.00110892472175068,"21","easy","beta","both",0,1
0.0103544314244321,6.85321475639525,1.19600610736873,9.13942180728641,0.19153145397062,0.0805088961748893,0.034913492716666,0.390235728492956,0.00110892472175068,"21","hard","beta","both",0,1
0.0103544314244321,6.85321475639525,1.19600610736873,9.13942180728641,0.19153145397062,0.0805088961748893,0.0734202149523032,0.390235728492956,0.00110892472175068,"21","medium","beta","both",0,1
0.0139171426064028,10.2772792807516,8.88735933877259,0.086790937151635,0.902774153333745,0.0731075960275929,0.153212685120425,0.421299806144385,0.00111645494163232,"22","easy","beta","both",0,1
0.0139171426064028,10.2772792807516,8.88735933877259,0.086790937151635,0.902774153333745,0.0731075960275929,0.0361573868399883,0.421299806144385,0.00111645494163232,"22","hard","beta","both",0,1
0.0139171426064028,10.2772792807516,8.88735933877259,0.086790937151635,0.902774153333745,0.0731075960275929,0.106375075118011,0.421299806144385,0.00111645494163232,"22","medium","beta","both",0,1
0.00648994535537553,4.73898666890156,10.1591052515414,0.00173929449742025,0.000139510296755721,0.0800673405925338,0.144331331417257,0.445298667896209,0.00211567188527872,"23","easy","beta","both",0,1
0.00648994535537553,4.73898666890156,10.1591052515414,0.00173929449742025,0.000139510296755721,0.0800673405925338,0.0599486427589806,0.445298667896209,0.00211567188527872,"23","hard","beta","both",0,1
0.00648994535537553,4.73898666890156,10.1591052515414,0.00173929449742025,0.000139510296755721,0.0800673405925338,0.108440837237589,0.445298667896209,0.00211567188527872,"23","medium","beta","both",0,1
0.00430719277637967,9.39728163133822,30.3234225820286,0.0869449617143677,5.90122826020522,0.0931011449793023,0.157844663070314,0.461152106032129,0.00244492346233002,"25","easy","beta","both",0,1
0.00430719277637967,9.39728163133822,30.3234225820286,0.0869449617143677,5.90122826020522,0.0931011449793023,0.0639480179034459,0.461152106032129,0.00244492346233002,"25","hard","beta","both",0,1
0.00430719277637967,9.39728163133822,30.3234225820286,0.0869449617143677,5.90122826020522,0.0931011449793023,0.125659969795033,0.461152106032129,0.00244492346233002,"25","medium","beta","both",0,1
0.0105375338965036,12.3031966094319,10.8607978270648,0.147544424326676,2.11187750805513,0.0760706866525565,0.193078460316323,0.435188687227226,0.000982868970633521,"26","easy","beta","both",0,1
0.0105375338965036,12.3031966094319,10.8607978270648,0.147544424326676,2.11187750805513,0.0760706866525565,0.0849027573877309,0.435188687227226,0.000982868970633521,"26","hard","beta","both",0,1
0.0105375338965036,12.3031966094319,10.8607978270648,0.147544424326676,2.11187750805513,0.0760706866525565,0.138765695425041,0.435188687227226,0.000982868970633521,"26","medium","beta","both",0,1
0.00741125006053968,17.5218851491369,10.9302845275331,0.272470987089201,0.756454007895472,0.0744802277259468,0.213959054832036,0.360135303633418,0.00241736244397492,"27","easy","beta","both",0,1
0.00741125006053968,17.5218851491369,10.9302845275331,0.272470987089201,0.756454007895472,0.0744802277259468,0.0598167614672546,0.360135303633418,0.00241736244397492,"27","hard","beta","both",0,1
0.00741125006053968,17.5218851491369,10.9302845275331,0.272470987089201,0.756454007895472,0.0744802277259468,0.133704650293597,0.360135303633418,0.00241736244397492,"27","medium","beta","both",0,1
0.00798649030773659,12.037830715715,9.29014661928574,1.4896376213432,0.037897957092272,0.0579733040102064,0.201697247219604,0.48621029519863,0.001471256288218,"28","easy","beta","both",0,1
0.00798649030773659,12.037830715715,9.29014661928574,1.4896376213432,0.037897957092272,0.0579733040102064,0.0639975931639325,0.48621029519863,0.001471256288218,"28","hard","beta","both",0,1
0.00798649030773659,12.037830715715,9.29014661928574,1.4896376213432,0.037897957092272,0.0579733040102064,0.131221535715353,0.48621029519863,0.001471256288218,"28","medium","beta","both",0,1
0.00893829568493527,8.27216726653761,11.4970083818969,0.0697874775203622,2.64731227600025,0.0784942388608361,0.230765375389881,0.492599246783657,0.000957752442540802,"30","easy","beta","both",0,1
0.00893829568493527,8.27216726653761,11.4970083818969,0.0697874775203622,2.64731227600025,0.0784942388608361,0.106623953672783,0.492599246783657,0.000957752442540802,"30","hard","beta","both",0,1
0.00893829568493527,8.27216726653761,11.4970083818969,0.0697874775203622,2.64731227600025,0.0784942388608361,0.172598757959622,0.492599246783657,0.000957752442540802,"30","medium","beta","both",0,1
0.00284697396910251,27.7683765542063,13.7265195749465,7.36048773159475,0.412338220738391,0.0788242247932425,0.107969815807258,0.290598692547327,0.00115899417562724,"32","easy","beta","both",0,1
0.00284697396910251,27.7683765542063,13.7265195749465,7.36048773159475,0.412338220738391,0.0788242247932425,0.0258542469957744,0.290598692547327,0.00115899417562724,"32","hard","beta","both",0,1
0.00284697396910251,27.7683765542063,13.7265195749465,7.36048773159475,0.412338220738391,0.0788242247932425,0.0682376275338298,0.290598692547327,0.00115899417562724,"32","medium","beta","both",0,1
0.00443754853715382,42.9723047456867,9.05534786012395,12.5415285014103,0.137990737113217,0.0693084737047285,0.107337471334653,0.321520617798954,0.00202599698977889,"33","easy","beta","both",0,1
0.00443754853715382,42.9723047456867,9.05534786012395,12.5415285014103,0.137990737113217,0.0693084737047285,0.046443134615568,0.321520617798954,0.00202599698977889,"33","hard","beta","both",0,1
0.00443754853715382,42.9723047456867,9.05534786012395,12.5415285014103,0.137990737113217,0.0693084737047285,0.0676812475310055,0.321520617798954,0.00202599698977889,"33","medium","beta","both",0,1
0.00982554035629104,10.3920804038965,11.2757769074102,2.89824445177109e-11,3.10549264073315e-09,0.065790414524855,0.167100830151362,0.41363144341866,0.00160548668596595,"34","easy","beta","both",0,1
0.00982554035629104,10.3920804038965,11.2757769074102,2.89824445177109e-11,3.10549264073315e-09,0.065790414524855,0.0631755106395917,0.41363144341866,0.00160548668596595,"34","hard","beta","both",0,1
0.00982554035629104,10.3920804038965,11.2757769074102,2.89824445177109e-11,3.10549264073315e-09,0.065790414524855,0.0999277611263096,0.41363144341866,0.00160548668596595,"34","medium","beta","both",0,1
0.00600397652501619,5.08813430947979,13.6093267842533,0.656369751247785,0.0406397629859197,0.0964180662582058,0.172339872311864,0.464930233532928,0.00117995344689167,"35","easy","beta","both",0,1
0.00600397652501619,5.08813430947979,13.6093267842533,0.656369751247785,0.0406397629859197,0.0964180662582058,0.0847310741012912,0.464930233532928,0.00117995344689167,"35","hard","beta","both",0,1
0.00600397652501619,5.08813430947979,13.6093267842533,0.656369751247785,0.0406397629859197,0.0964180662582058,0.103814893677482,0.464930233532928,0.00117995344689167,"35","medium","beta","both",0,1
0.00447547669808705,8.42431938578281,23.2902339682651,1.50062284568405,3.83063506285814,0.081568044757572,0.110199568871537,0.309611790738605,0.0015090737941267,"36","easy","beta","both",0,1
0.00447547669808705,8.42431938578281,23.2902339682651,1.50062284568405,3.83063506285814,0.081568044757572,0.0274074225556135,0.309611790738605,0.0015090737941267,"36","hard","beta","both",0,1
0.00447547669808705,8.42431938578281,23.2902339682651,1.50062284568405,3.83063506285814,0.081568044757572,0.0692761319316491,0.309611790738605,0.0015090737941267,"36","medium","beta","both",0,1
0.00534202153549624,7.24680838098286,17.0540711520822,5.81071861603364e-10,1.26561857127098e-09,0.0832405959694873,0.221638365754706,0.480042368017304,0.00233984385935444,"37","easy","beta","both",0,1
0.00534202153549624,7.24680838098286,17.0540711520822,5.81071861603364e-10,1.26561857127098e-09,0.0832405959694873,0.0693924577369053,0.480042368017304,0.00233984385935444,"37","hard","beta","both",0,1
0.00534202153549624,7.24680838098286,17.0540711520822,5.81071861603364e-10,1.26561857127098e-09,0.0832405959694873,0.14464826208175,0.480042368017304,0.00233984385935444,"37","medium","beta","both",0,1
0.00927048273178746,13.6176135641621,6.04419819387017,2.28167912070826,0.177680859698449,0.0732859225705574,0.172835821939984,0.440375152593922,0.00388792656980488,"38","easy","beta","both",0,1
0.00927048273178746,13.6176135641621,6.04419819387017,2.28167912070826,0.177680859698449,0.0732859225705574,0.0680907757860714,0.440375152593922,0.00388792656980488,"38","hard","beta","both",0,1
0.00927048273178746,13.6176135641621,6.04419819387017,2.28167912070826,0.177680859698449,0.0732859225705574,0.117776397091289,0.440375152593922,0.00388792656980488,"38","medium","beta","both",0,1
0.0076678966194871,15.2266297612505,13.5515613070836,8.37121045500005e-06,0.00470202119464607,0.0617720075443579,0.305994619244424,0.423585273467793,0.00147296933176563,"39","easy","beta","both",0,1
0.0076678966194871,15.2266297612505,13.5515613070836,8.37121045500005e-06,0.00470202119464607,0.0617720075443579,0.118156796776139,0.423585273467793,0.00147296933176563,"39","hard","beta","both",0,1
0.0076678966194871,15.2266297612505,13.5515613070836,8.37121045500005e-06,0.00470202119464607,0.0617720075443579,0.205079678132021,0.423585273467793,0.00147296933176563,"39","medium","beta","both",0,1
0.0237043171740199,0.552548991981894,-2.66310877813791,2.48271226760533,4.41681902919716,0.0755640699382811,0.12050279217371,0.378519008137547,0.000866903953126481,"4","easy","beta","both",0,1
0.0237043171740199,0.552548991981894,-2.66310877813791,2.48271226760533,4.41681902919716,0.0755640699382811,0.0362757032555512,0.378519008137547,0.000866903953126481,"4","hard","beta","both",0,1
0.0237043171740199,0.552548991981894,-2.66310877813791,2.48271226760533,4.41681902919716,0.0755640699382811,0.0762160662561655,0.378519008137547,0.000866903953126481,"4","medium","beta","both",0,1
0.010858205760309,14.2108626400611,10.0398863960166,6.9862204774642e-10,1.60359736073224e-10,0.0693778771170981,0.197013312971432,0.399598978918237,0.00169146353335284,"40","easy","beta","both",0,1
0.010858205760309,14.2108626400611,10.0398863960166,6.9862204774642e-10,1.60359736073224e-10,0.0693778771170981,0.0533397773215809,0.399598978918237,0.00169146353335284,"40","hard","beta","both",0,1
0.010858205760309,14.2108626400611,10.0398863960166,6.9862204774642e-10,1.60359736073224e-10,0.0693778771170981,0.130801854811889,0.399598978918237,0.00169146353335284,"40","medium","beta","both",0,1
0.00867106981210707,14.8483487803676,13.5991749306552,1.95307804112581e-11,2.5488217700418e-09,0.0825303309335167,0.116785902078829,0.372727026658505,0.00236165365383585,"41","easy","beta","both",0,1
0.00867106981210707,14.8483487803676,13.5991749306552,1.95307804112581e-11,2.5488217700418e-09,0.0825303309335167,0.0237278111673529,0.372727026658505,0.00236165365383585,"41","hard","beta","both",0,1
0.00867106981210707,14.8483487803676,13.5991749306552,1.95307804112581e-11,2.5488217700418e-09,0.0825303309335167,0.0794540506494184,0.372727026658505,0.00236165365383585,"41","medium","beta","both",0,1
0.00772326438142469,49.9681545349491,6.86109157996875,8.13577860605897e-05,0.268335321080674,0.0704160559251373,0.115344391686891,0.321447007538338,0.00263765537079029,"43","easy","beta","both",0,1
0.00772326438142469,49.9681545349491,6.86109157996875,8.13577860605897e-05,0.268335321080674,0.0704160559251373,0.0427109353888943,0.321447007538338,0.00263765537079029,"43","hard","beta","both",0,1
0.00772326438142469,49.9681545349491,6.86109157996875,8.13577860605897e-05,0.268335321080674,0.0704160559251373,0.073165000065897,0.321447007538338,0.00263765537079029,"43","medium","beta","both",0,1
0.00526765200773604,5.57526108873444,6.24162491440708,5.37099680755252e-11,3.66443059757739e-10,0.074409469868556,0.178731503564982,0.465453306224541,0.00249443601170107,"44","easy","beta","both",0,1
0.00526765200773604,5.57526108873444,6.24162491440708,5.37099680755252e-11,3.66443059757739e-10,0.074409469868556,0.0736208743141636,0.465453306224541,0.00249443601170107,"44","hard","beta","both",0,1
0.00526765200773604,5.57526108873444,6.24162491440708,5.37099680755252e-11,3.66443059757739e-10,0.074409469868556,0.123742237638777,0.465453306224541,0.00249443601170107,"44","medium","beta","both",0,1
0.0142454590730701,11.4733841981066,-2.0850023461787,3.33904444743012,0.0238534877894988,0.0704809401560693,0.185823336238442,0.376287001134656,0.00149065535114963,"45","easy","beta","both",0,1
0.0142454590730701,11.4733841981066,-2.0850023461787,3.33904444743012,0.0238534877894988,0.0704809401560693,0.0725473548670838,0.376287001134656,0.00149065535114963,"45","hard","beta","both",0,1
0.0142454590730701,11.4733841981066,-2.0850023461787,3.33904444743012,0.0238534877894988,0.0704809401560693,0.0981066745489776,0.376287001134656,0.00149065535114963,"45","medium","beta","both",0,1
0.00536643461118828,15.2654904002054,16.142879320851,4.896715802248e-11,3.31568517991941e-11,0.0653663534229005,0.180815658849589,0.375636355637942,0.001097979829792,"47","easy","beta","both",0,1
0.00536643461118828,15.2654904002054,16.142879320851,4.896715802248e-11,3.31568517991941e-11,0.0653663534229005,0.089622464855651,0.375636355637942,0.001097979829792,"47","hard","beta","both",0,1
0.00536643461118828,15.2654904002054,16.142879320851,4.896715802248e-11,3.31568517991941e-11,0.0653663534229005,0.0931237558331215,0.375636355637942,0.001097979829792,"47","medium","beta","both",0,1
0.00278036355292054,9.64605529946631,26.5336536776887,0.442264200578168,0.0177938701586401,0.0661539497210258,0.240083713503671,0.422940548107922,0.00145327678396461,"48","easy","beta","both",0,1
0.00278036355292054,9.64605529946631,26.5336536776887,0.442264200578168,0.0177938701586401,0.0661539497210258,0.0942441848408613,0.422940548107922,0.00145327678396461,"48","hard","beta","both",0,1
0.00278036355292054,9.64605529946631,26.5336536776887,0.442264200578168,0.0177938701586401,0.0661539497210258,0.143300936008295,0.422940548107922,0.00145327678396461,"48","medium","beta","both",0,1
0.00591840795493061,49.128031927398,6.41118715416158,6.74575743288169,0.258126196995239,0.0683915902149669,0.0839125038669125,0.302201874714787,0.00262000499408788,"49","easy","beta","both",0,1
0.00591840795493061,49.128031927398,6.41118715416158,6.74575743288169,0.258126196995239,0.0683915902149669,0.033912702826526,0.302201874714787,0.00262000499408788,"49","hard","beta","both",0,1
0.00591840795493061,49.128031927398,6.41118715416158,6.74575743288169,0.258126196995239,0.0683915902149669,0.063943442963387,0.302201874714787,0.00262000499408788,"49","medium","beta","both",0,1
0.00546614665876497,4.39064050391993,16.4431057561768,0.028022184440322,2.18890120005723,0.0826519728769063,0.180987943873783,0.60016266045102,0.00393510222222222,"5","easy","beta","both",0,1
0.00546614665876497,4.39064050391993,16.4431057561768,0.028022184440322,2.18890120005723,0.0826519728769063,0.0648718351621917,0.60016266045102,0.00393510222222222,"5","hard","beta","both",0,1
0.00546614665876497,4.39064050391993,16.4431057561768,0.028022184440322,2.18890120005723,0.0826519728769063,0.138047851642334,0.60016266045102,0.00393510222222222,"5","medium","beta","both",0,1
0.00425785859240914,14.2594699421722,8.27116698917414,1.69367956467733,0.0244634045523554,0.0690815206117962,0.171329549942156,0.476851313401229,0.000902104154418969,"50","easy","beta","both",0,1
0.00425785859240914,14.2594699421722,8.27116698917414,1.69367956467733,0.0244634045523554,0.0690815206117962,0.0728309415574027,0.476851313401229,0.000902104154418969,"50","hard","beta","both",0,1
0.00425785859240914,14.2594699421722,8.27116698917414,1.69367956467733,0.0244634045523554,0.0690815206117962,0.0835391801379485,0.476851313401229,0.000902104154418969,"50","medium","beta","both",0,1
0.00624276858143382,3.99953147255512,11.171651908853,1.81224960952155e-09,8.54225759461659e-09,0.0845676052018284,0.20528606586057,0.573683854278952,0.00190469973399037,"52","easy","beta","both",0,1
0.00624276858143382,3.99953147255512,11.171651908853,1.81224960952155e-09,8.54225759461659e-09,0.0845676052018284,0.0725846273004578,0.573683854278952,0.00190469973399037,"52","hard","beta","both",0,1
0.00624276858143382,3.99953147255512,11.171651908853,1.81224960952155e-09,8.54225759461659e-09,0.0845676052018284,0.111553313250004,0.573683854278952,0.00190469973399037,"52","medium","beta","both",0,1
0.0046051416863721,6.8626608312269,19.6693338658474,2.78347303735671e-10,4.16914979203972e-10,0.0933235728826173,0.125399485834729,0.421336228867797,0.00299506942694773,"53","easy","beta","both",0,1
0.0046051416863721,6.8626608312269,19.6693338658474,2.78347303735671e-10,4.16914979203972e-10,0.0933235728826173,0.0535491043125889,0.421336228867797,0.00299506942694773,"53","hard","beta","both",0,1
0.0046051416863721,6.8626608312269,19.6693338658474,2.78347303735671e-10,4.16914979203972e-10,0.0933235728826173,0.0770014672067667,0.421336228867797,0.00299506942694773,"53","medium","beta","both",0,1
0.00523014555455794,14.998120665726,12.4374780505319,6.85987415242923e-09,6.66299823287398e-12,0.056133704766392,0.166899326170213,0.268929992169865,0.00364006135102324,"54","easy","beta","both",0,1
0.00523014555455794,14.998120665726,12.4374780505319,6.85987415242923e-09,6.66299823287398e-12,0.056133704766392,0.0478579695906549,0.268929992169865,0.00364006135102324,"54","hard","beta","both",0,1
0.00523014555455794,14.998120665726,12.4374780505319,6.85987415242923e-09,6.66299823287398e-12,0.056133704766392,0.0976517498477173,0.268929992169865,0.00364006135102324,"54","medium","beta","both",0,1
0.0174049612255665,12.0711079744409,6.92693555281052,7.95138050741765,0.263492177585443,0.0814244392819867,0.127308195250794,0.492922893671381,0.000383676546632145,"55","easy","beta","both",0,1
0.0174049612255665,12.0711079744409,6.92693555281052,7.95138050741765,0.263492177585443,0.0814244392819867,0.0420706729168544,0.492922893671381,0.000383676546632145,"55","hard","beta","both",0,1
0.0174049612255665,12.0711079744409,6.92693555281052,7.95138050741765,0.263492177585443,0.0814244392819867,0.0733986488594233,0.492922893671381,0.000383676546632145,"55","medium","beta","both",0,1
0.00681764227102739,12.7349612243198,8.60373052006641,0.164620496745766,0.811128172445005,0.0712978718656914,0.136474349064486,0.601224727177139,0.00100130506079974,"56","easy","beta","both",0,1
0.00681764227102739,12.7349612243198,8.60373052006641,0.164620496745766,0.811128172445005,0.0712978718656914,0.0423754274664795,0.601224727177139,0.00100130506079974,"56","hard","beta","both",0,1
0.00681764227102739,12.7349612243198,8.60373052006641,0.164620496745766,0.811128172445005,0.0712978718656914,0.0736464790709927,0.601224727177139,0.00100130506079974,"56","medium","beta","both",0,1
0.00357886652302826,6.42963103827765,16.3988031516366,0.00803366016454527,1.19049461638701,0.0606587335358007,0.203183172351499,0.435031229999795,0.00314978559824377,"57","easy","beta","both",0,1
0.00357886652302826,6.42963103827765,16.3988031516366,0.00803366016454527,1.19049461638701,0.0606587335358007,0.0959236991472673,0.435031229999795,0.00314978559824377,"57","hard","beta","both",0,1
0.00357886652302826,6.42963103827765,16.3988031516366,0.00803366016454527,1.19049461638701,0.0606587335358007,0.124925227375767,0.435031229999795,0.00314978559824377,"57","medium","beta","both",0,1
0.00559717075916077,4.62183905036637,6.72592547864172,0.00168370202678897,0.0716806270663102,0.0687192061771497,0.224486219613341,0.488444446936809,0.000839150989613953,"58","easy","beta","both",0,1
0.00559717075916077,4.62183905036637,6.72592547864172,0.00168370202678897,0.0716806270663102,0.0687192061771497,0.0812589223581357,0.488444446936809,0.000839150989613953,"58","hard","beta","both",0,1
0.00559717075916077,4.62183905036637,6.72592547864172,0.00168370202678897,0.0716806270663102,0.0687192061771497,0.114883698283954,0.488444446936809,0.000839150989613953,"58","medium","beta","both",0,1
0.00880098283880628,4.7025725579208,18.3924315307253,0.00787273347709032,0.853855120552114,0.0607069620637639,0.226251638671919,0.427942028590618,0.00350364097661583,"59","easy","beta","both",0,1
0.00880098283880628,4.7025725579208,18.3924315307253,0.00787273347709032,0.853855120552114,0.0607069620637639,0.117267959927047,0.427942028590618,0.00350364097661583,"59","hard","beta","both",0,1
0.00880098283880628,4.7025725579208,18.3924315307253,0.00787273347709032,0.853855120552114,0.0607069620637639,0.154262163573778,0.427942028590618,0.00350364097661583,"59","medium","beta","both",0,1
0.0119976212637869,6.42267014099297,10.4522409706076,0.717370467063736,0.0041510470972162,0.0908351364126778,0.178530764144989,0.402099619733211,0.00179878031449156,"60","easy","beta","both",0,1
0.0119976212637869,6.42267014099297,10.4522409706076,0.717370467063736,0.0041510470972162,0.0908351364126778,0.0671587992219656,0.402099619733211,0.00179878031449156,"60","hard","beta","both",0,1
0.0119976212637869,6.42267014099297,10.4522409706076,0.717370467063736,0.0041510470972162,0.0908351364126778,0.122591755814096,0.402099619733211,0.00179878031449156,"60","medium","beta","both",0,1
0.0108379716917407,11.3209624464816,11.0898245666183,0.0067329964021281,2.09702388919349,0.0948615320993964,0.166325334364928,0.330837047758116,0.00293275555555556,"61","easy","beta","both",0,1
0.0108379716917407,11.3209624464816,11.0898245666183,0.0067329964021281,2.09702388919349,0.0948615320993964,0.0442068442547945,0.330837047758116,0.00293275555555556,"61","hard","beta","both",0,1
0.0108379716917407,11.3209624464816,11.0898245666183,0.0067329964021281,2.09702388919349,0.0948615320993964,0.100170379776846,0.330837047758116,0.00293275555555556,"61","medium","beta","both",0,1
0.00695625152841716,19.4249102928096,12.9778257317095,0.00132936633542617,0.463401070144118,0.0740174826554026,0.132157527497028,0.383603746644306,0.00155477520226197,"63","easy","beta","both",0,1
0.00695625152841716,19.4249102928096,12.9778257317095,0.00132936633542617,0.463401070144118,0.0740174826554026,0.0328101343166451,0.383603746644306,0.00155477520226197,"63","hard","beta","both",0,1
0.00695625152841716,19.4249102928096,12.9778257317095,0.00132936633542617,0.463401070144118,0.0740174826554026,0.0752397812664662,0.383603746644306,0.00155477520226197,"63","medium","beta","both",0,1
0.00786157028848656,1.61467972471674,10.6331805382413,2.73175413757498,0.195675003848867,0.0728013198453902,0.138846905178134,0.467889886154724,0.00169412908042137,"66","easy","beta","both",0,1
0.00786157028848656,1.61467972471674,10.6331805382413,2.73175413757498,0.195675003848867,0.0728013198453902,0.0723988744484106,0.467889886154724,0.00169412908042137,"66","hard","beta","both",0,1
0.00786157028848656,1.61467972471674,10.6331805382413,2.73175413757498,0.195675003848867,0.0728013198453902,0.122973883925595,0.467889886154724,0.00169412908042137,"66","medium","beta","both",0,1
0.00752878759672409,10.7210776185483,10.952073353038,2.55787944770655e-09,5.21946337887008e-10,0.0743018353177412,0.179454576574216,0.453276784244874,0.00210381323311217,"69","easy","beta","both",0,1
0.00752878759672409,10.7210776185483,10.952073353038,2.55787944770655e-09,5.21946337887008e-10,0.0743018353177412,0.0883148645863215,0.453276784244874,0.00210381323311217,"69","hard","beta","both",0,1
0.00752878759672409,10.7210776185483,10.952073353038,2.55787944770655e-09,5.21946337887008e-10,0.0743018353177412,0.0955381928299873,0.453276784244874,0.00210381323311217,"69","medium","beta","both",0,1
0.00652775360215424,5.22483517119894,5.15700343876421,8.74483633389467e-10,8.64803454572446e-11,0.0638713002574482,0.208334746114322,0.434258236050554,0.00106002946446068,"7","easy","beta","both",0,1
0.00652775360215424,5.22483517119894,5.15700343876421,8.74483633389467e-10,8.64803454572446e-11,0.0638713002574482,0.0931870327167885,0.434258236050554,0.00106002946446068,"7","hard","beta","both",0,1
0.00652775360215424,5.22483517119894,5.15700343876421,8.74483633389467e-10,8.64803454572446e-11,0.0638713002574482,0.127368303443348,0.434258236050554,0.00106002946446068,"7","medium","beta","both",0,1
0.00459507065493673,15.3175568648294,15.802480680597,0.00579848619825111,0.279886470664862,0.0737137910477067,0.283777417323816,0.34443976457355,0.000714397242997669,"70","easy","beta","both",0,1
0.00459507065493673,15.3175568648294,15.802480680597,0.00579848619825111,0.279886470664862,0.0737137910477067,0.0992947419687939,0.34443976457355,0.000714397242997669,"70","hard","beta","both",0,1
0.00459507065493673,15.3175568648294,15.802480680597,0.00579848619825111,0.279886470664862,0.0737137910477067,0.163914314999935,0.34443976457355,0.000714397242997669,"70","medium","beta","both",0,1
0.00694208839755055,6.52606519008586,14.4927382283411,0.3472298182388,0.0177451215326988,0.0951745214027033,0.23007868057825,0.40292198180702,0.00170088148428095,"72","easy","beta","both",0,1
0.00694208839755055,6.52606519008586,14.4927382283411,0.3472298182388,0.0177451215326988,0.0951745214027033,0.0890172331376499,0.40292198180702,0.00170088148428095,"72","hard","beta","both",0,1
0.00694208839755055,6.52606519008586,14.4927382283411,0.3472298182388,0.0177451215326988,0.0951745214027033,0.143595344712839,0.40292198180702,0.00170088148428095,"72","medium","beta","both",0,1
0.0110180831333875,24.1512898768694,8.2656365543329,0.0376342939253558,6.20227050719774,0.0741106647952641,0.125010000231338,0.292214599847328,0.00290690979256815,"74","easy","beta","both",0,1
0.0110180831333875,24.1512898768694,8.2656365543329,0.0376342939253558,6.20227050719774,0.0741106647952641,0.0406933487381366,0.292214599847328,0.00290690979256815,"74","hard","beta","both",0,1
0.0110180831333875,24.1512898768694,8.2656365543329,0.0376342939253558,6.20227050719774,0.0741106647952641,0.088867679646524,0.292214599847328,0.00290690979256815,"74","medium","beta","both",0,1
0.00737722634424567,6.55167944453896,16.0946044240509,0.511215526547479,0.0546268064677306,0.0796196676250745,0.207871710406379,0.516762970194804,0.000979323079527838,"8","easy","beta","both",0,1
0.00737722634424567,6.55167944453896,16.0946044240509,0.511215526547479,0.0546268064677306,0.0796196676250745,0.0644155645194296,0.516762970194804,0.000979323079527838,"8","hard","beta","both",0,1
0.00737722634424567,6.55167944453896,16.0946044240509,0.511215526547479,0.0546268064677306,0.0796196676250745,0.134598146113523,0.516762970194804,0.000979323079527838,"8","medium","beta","both",0,1
