"bound","drift","ter","eta_a","eta_b","cost_ddm","cost_ldc","a0","b0","sub","condition","difflevel","manip","model"
NA,NA,NA,0.372727601333787,691.511856133317,NA,0.00139366145572502,1.56119776475122,34.8756900798111,"100","minus","easy","alpha","both"
NA,NA,NA,0.372727601333787,691.511856133317,NA,0.00139366145572502,1.56119776475122,34.8756900798111,"100","minus","hard","alpha","both"
NA,NA,NA,0.372727601333787,691.511856133317,NA,0.00139366145572502,1.56119776475122,34.8756900798111,"100","minus","medium","alpha","both"
NA,NA,NA,0.372727601333787,691.511856133317,NA,0.00139366145572502,1.56119776475122,34.8756900798111,"100","plus","easy","alpha","both"
NA,NA,NA,0.372727601333787,691.511856133317,NA,0.00139366145572502,1.56119776475122,34.8756900798111,"100","plus","hard","alpha","both"
NA,NA,NA,0.372727601333787,691.511856133317,NA,0.00139366145572502,1.56119776475122,34.8756900798111,"100","plus","medium","alpha","both"
NA,NA,NA,0.594905625699873,634.077922454944,NA,0.00123160059944243,1.04515558651238,-4.40278621044374,"101","minus","easy","alpha","both"
NA,NA,NA,0.594905625699873,634.077922454944,NA,0.00123160059944243,1.04515558651238,-4.40278621044374,"101","minus","hard","alpha","both"
NA,NA,NA,0.594905625699873,634.077922454944,NA,0.00123160059944243,1.04515558651238,-4.40278621044374,"101","minus","medium","alpha","both"
NA,NA,NA,0.594905625699873,634.077922454944,NA,0.00123160059944243,1.04515558651238,-4.40278621044374,"101","plus","easy","alpha","both"
NA,NA,NA,0.594905625699873,634.077922454944,NA,0.00123160059944243,1.04515558651238,-4.40278621044374,"101","plus","hard","alpha","both"
NA,NA,NA,0.594905625699873,634.077922454944,NA,0.00123160059944243,1.04515558651238,-4.40278621044374,"101","plus","medium","alpha","both"
NA,NA,NA,0.318200006670897,697.637313815176,NA,0.00114897206114764,1.69690245875234,-43.8112089082285,"102","minus","easy","alpha","both"
NA,NA,NA,0.318200006670897,697.637313815176,NA,0.00114897206114764,1.69690245875234,-43.8112089082285,"102","minus","hard","alpha","both"
NA,NA,NA,0.318200006670897,697.637313815176,NA,0.00114897206114764,1.69690245875234,-43.8112089082285,"102","minus","medium","alpha","both"
NA,NA,NA,0.318200006670897,697.637313815176,NA,0.00114897206114764,1.69690245875234,-43.8112089082285,"102","plus","easy","alpha","both"
NA,NA,NA,0.318200006670897,697.637313815176,NA,0.00114897206114764,1.69690245875234,-43.8112089082285,"102","plus","hard","alpha","both"
NA,NA,NA,0.318200006670897,697.637313815176,NA,0.00114897206114764,1.69690245875234,-43.8112089082285,"102","plus","medium","alpha","both"
NA,NA,NA,0.279629039723664,630.376689238601,NA,0.00139387262066388,1.53485526525558,-13.0916451744585,"103","minus","easy","alpha","both"
NA,NA,NA,0.279629039723664,630.376689238601,NA,0.00139387262066388,1.53485526525558,-13.0916451744585,"103","minus","hard","alpha","both"
NA,NA,NA,0.279629039723664,630.376689238601,NA,0.00139387262066388,1.53485526525558,-13.0916451744585,"103","minus","medium","alpha","both"
NA,NA,NA,0.279629039723664,630.376689238601,NA,0.00139387262066388,1.53485526525558,-13.0916451744585,"103","plus","easy","alpha","both"
NA,NA,NA,0.279629039723664,630.376689238601,NA,0.00139387262066388,1.53485526525558,-13.0916451744585,"103","plus","hard","alpha","both"
NA,NA,NA,0.279629039723664,630.376689238601,NA,0.00139387262066388,1.53485526525558,-13.0916451744585,"103","plus","medium","alpha","both"
NA,NA,NA,1.88907298866904,669.410943758317,NA,0.00103466305076816,5.1888399152475,-24.2187896653708,"104","minus","easy","alpha","both"
NA,NA,NA,1.88907298866904,669.410943758317,NA,0.00103466305076816,5.1888399152475,-24.2187896653708,"104","minus","hard","alpha","both"
NA,NA,NA,1.88907298866904,669.410943758317,NA,0.00103466305076816,5.1888399152475,-24.2187896653708,"104","minus","medium","alpha","both"
NA,NA,NA,1.88907298866904,669.410943758317,NA,0.00103466305076816,5.1888399152475,-24.2187896653708,"104","plus","easy","alpha","both"
NA,NA,NA,1.88907298866904,669.410943758317,NA,0.00103466305076816,5.1888399152475,-24.2187896653708,"104","plus","hard","alpha","both"
NA,NA,NA,1.88907298866904,669.410943758317,NA,0.00103466305076816,5.1888399152475,-24.2187896653708,"104","plus","medium","alpha","both"
NA,NA,NA,0.507397141032572,711.724295417093,NA,0.00163039412108781,1.25374645285171,-35.471526495808,"105","minus","easy","alpha","both"
NA,NA,NA,0.507397141032572,711.724295417093,NA,0.00163039412108781,1.25374645285171,-35.471526495808,"105","minus","hard","alpha","both"
NA,NA,NA,0.507397141032572,711.724295417093,NA,0.00163039412108781,1.25374645285171,-35.471526495808,"105","minus","medium","alpha","both"
NA,NA,NA,0.507397141032572,711.724295417093,NA,0.00163039412108781,1.25374645285171,-35.471526495808,"105","plus","easy","alpha","both"
NA,NA,NA,0.507397141032572,711.724295417093,NA,0.00163039412108781,1.25374645285171,-35.471526495808,"105","plus","hard","alpha","both"
NA,NA,NA,0.507397141032572,711.724295417093,NA,0.00163039412108781,1.25374645285171,-35.471526495808,"105","plus","medium","alpha","both"
NA,NA,NA,0.298288053361366,717.698080629039,NA,0.00193497876424028,2.77205731981296,-33.6400957988014,"106","minus","easy","alpha","both"
NA,NA,NA,0.298288053361366,717.698080629039,NA,0.00193497876424028,2.77205731981296,-33.6400957988014,"106","minus","hard","alpha","both"
NA,NA,NA,0.298288053361366,717.698080629039,NA,0.00193497876424028,2.77205731981296,-33.6400957988014,"106","minus","medium","alpha","both"
NA,NA,NA,0.298288053361366,717.698080629039,NA,0.00193497876424028,2.77205731981296,-33.6400957988014,"106","plus","easy","alpha","both"
NA,NA,NA,0.298288053361366,717.698080629039,NA,0.00193497876424028,2.77205731981296,-33.6400957988014,"106","plus","hard","alpha","both"
NA,NA,NA,0.298288053361366,717.698080629039,NA,0.00193497876424028,2.77205731981296,-33.6400957988014,"106","plus","medium","alpha","both"
NA,NA,NA,0.719227235779009,614.920431549096,NA,0.00168544991741647,0.176992001757123,26.1490373090895,"107","minus","easy","alpha","both"
NA,NA,NA,0.719227235779009,614.920431549096,NA,0.00168544991741647,0.176992001757123,26.1490373090895,"107","minus","hard","alpha","both"
NA,NA,NA,0.719227235779009,614.920431549096,NA,0.00168544991741647,0.176992001757123,26.1490373090895,"107","minus","medium","alpha","both"
NA,NA,NA,0.719227235779009,614.920431549096,NA,0.00168544991741647,0.176992001757123,26.1490373090895,"107","plus","easy","alpha","both"
NA,NA,NA,0.719227235779009,614.920431549096,NA,0.00168544991741647,0.176992001757123,26.1490373090895,"107","plus","hard","alpha","both"
NA,NA,NA,0.719227235779009,614.920431549096,NA,0.00168544991741647,0.176992001757123,26.1490373090895,"107","plus","medium","alpha","both"
NA,NA,NA,0.697460875738429,624.014516985413,NA,0.00161701427635396,0.354962732808126,3.93255797797317,"108","minus","easy","alpha","both"
NA,NA,NA,0.697460875738429,624.014516985413,NA,0.00161701427635396,0.354962732808126,3.93255797797317,"108","minus","hard","alpha","both"
NA,NA,NA,0.697460875738429,624.014516985413,NA,0.00161701427635396,0.354962732808126,3.93255797797317,"108","minus","medium","alpha","both"
NA,NA,NA,0.697460875738429,624.014516985413,NA,0.00161701427635396,0.354962732808126,3.93255797797317,"108","plus","easy","alpha","both"
NA,NA,NA,0.697460875738429,624.014516985413,NA,0.00161701427635396,0.354962732808126,3.93255797797317,"108","plus","hard","alpha","both"
NA,NA,NA,0.697460875738429,624.014516985413,NA,0.00161701427635396,0.354962732808126,3.93255797797317,"108","plus","medium","alpha","both"
NA,NA,NA,6.78141594220675,655.733455335668,NA,0.00119763625957295,1.06429321458563,40.9884976223111,"109","minus","easy","alpha","both"
NA,NA,NA,6.78141594220675,655.733455335668,NA,0.00119763625957295,1.06429321458563,40.9884976223111,"109","minus","hard","alpha","both"
NA,NA,NA,6.78141594220675,655.733455335668,NA,0.00119763625957295,1.06429321458563,40.9884976223111,"109","minus","medium","alpha","both"
NA,NA,NA,6.78141594220675,655.733455335668,NA,0.00119763625957295,1.06429321458563,40.9884976223111,"109","plus","easy","alpha","both"
NA,NA,NA,6.78141594220675,655.733455335668,NA,0.00119763625957295,1.06429321458563,40.9884976223111,"109","plus","hard","alpha","both"
NA,NA,NA,6.78141594220675,655.733455335668,NA,0.00119763625957295,1.06429321458563,40.9884976223111,"109","plus","medium","alpha","both"
NA,NA,NA,2.08152301461759,745.27395614026,NA,0.000945621372172149,4.03564438527441,16.4250146769801,"110","minus","easy","alpha","both"
NA,NA,NA,2.08152301461759,745.27395614026,NA,0.000945621372172149,4.03564438527441,16.4250146769801,"110","minus","hard","alpha","both"
NA,NA,NA,2.08152301461759,745.27395614026,NA,0.000945621372172149,4.03564438527441,16.4250146769801,"110","minus","medium","alpha","both"
NA,NA,NA,2.08152301461759,745.27395614026,NA,0.000945621372172149,4.03564438527441,16.4250146769801,"110","plus","easy","alpha","both"
NA,NA,NA,2.08152301461759,745.27395614026,NA,0.000945621372172149,4.03564438527441,16.4250146769801,"110","plus","hard","alpha","both"
NA,NA,NA,2.08152301461759,745.27395614026,NA,0.000945621372172149,4.03564438527441,16.4250146769801,"110","plus","medium","alpha","both"
NA,NA,NA,0.817443537585425,620.945189969705,NA,0.00134208334419608,0.290494526227928,-21.4856433666705,"111","minus","easy","alpha","both"
NA,NA,NA,0.817443537585425,620.945189969705,NA,0.00134208334419608,0.290494526227928,-21.4856433666705,"111","minus","hard","alpha","both"
NA,NA,NA,0.817443537585425,620.945189969705,NA,0.00134208334419608,0.290494526227928,-21.4856433666705,"111","minus","medium","alpha","both"
NA,NA,NA,0.817443537585425,620.945189969705,NA,0.00134208334419608,0.290494526227928,-21.4856433666705,"111","plus","easy","alpha","both"
NA,NA,NA,0.817443537585425,620.945189969705,NA,0.00134208334419608,0.290494526227928,-21.4856433666705,"111","plus","hard","alpha","both"
NA,NA,NA,0.817443537585425,620.945189969705,NA,0.00134208334419608,0.290494526227928,-21.4856433666705,"111","plus","medium","alpha","both"
NA,NA,NA,15.9244962953252,568.659349027427,NA,0.00104343178840652,2.89872892675629,-14.5133170866932,"112","minus","easy","alpha","both"
NA,NA,NA,15.9244962953252,568.659349027427,NA,0.00104343178840652,2.89872892675629,-14.5133170866932,"112","minus","hard","alpha","both"
NA,NA,NA,15.9244962953252,568.659349027427,NA,0.00104343178840652,2.89872892675629,-14.5133170866932,"112","minus","medium","alpha","both"
NA,NA,NA,15.9244962953252,568.659349027427,NA,0.00104343178840652,2.89872892675629,-14.5133170866932,"112","plus","easy","alpha","both"
NA,NA,NA,15.9244962953252,568.659349027427,NA,0.00104343178840652,2.89872892675629,-14.5133170866932,"112","plus","hard","alpha","both"
NA,NA,NA,15.9244962953252,568.659349027427,NA,0.00104343178840652,2.89872892675629,-14.5133170866932,"112","plus","medium","alpha","both"
NA,NA,NA,0.682477881189634,737.028317789844,NA,0.00147248939810428,1.1997295761478,13.857229925276,"113","minus","easy","alpha","both"
NA,NA,NA,0.682477881189634,737.028317789844,NA,0.00147248939810428,1.1997295761478,13.857229925276,"113","minus","hard","alpha","both"
NA,NA,NA,0.682477881189634,737.028317789844,NA,0.00147248939810428,1.1997295761478,13.857229925276,"113","minus","medium","alpha","both"
NA,NA,NA,0.682477881189634,737.028317789844,NA,0.00147248939810428,1.1997295761478,13.857229925276,"113","plus","easy","alpha","both"
NA,NA,NA,0.682477881189634,737.028317789844,NA,0.00147248939810428,1.1997295761478,13.857229925276,"113","plus","hard","alpha","both"
NA,NA,NA,0.682477881189634,737.028317789844,NA,0.00147248939810428,1.1997295761478,13.857229925276,"113","plus","medium","alpha","both"
NA,NA,NA,2.19080848053495,630.42118308441,NA,0.0010880714123523,0.476988662085663,-41.0462124944268,"115","minus","easy","alpha","both"
NA,NA,NA,2.19080848053495,630.42118308441,NA,0.0010880714123523,0.476988662085663,-41.0462124944268,"115","minus","hard","alpha","both"
NA,NA,NA,2.19080848053495,630.42118308441,NA,0.0010880714123523,0.476988662085663,-41.0462124944268,"115","minus","medium","alpha","both"
NA,NA,NA,2.19080848053495,630.42118308441,NA,0.0010880714123523,0.476988662085663,-41.0462124944268,"115","plus","easy","alpha","both"
NA,NA,NA,2.19080848053495,630.42118308441,NA,0.0010880714123523,0.476988662085663,-41.0462124944268,"115","plus","hard","alpha","both"
NA,NA,NA,2.19080848053495,630.42118308441,NA,0.0010880714123523,0.476988662085663,-41.0462124944268,"115","plus","medium","alpha","both"
NA,NA,NA,0.15769978569747,625.57835077139,NA,0.00146738368314974,1.23997127012724,-13.6635584023024,"116","minus","easy","alpha","both"
NA,NA,NA,0.15769978569747,625.57835077139,NA,0.00146738368314974,1.23997127012724,-13.6635584023024,"116","minus","hard","alpha","both"
NA,NA,NA,0.15769978569747,625.57835077139,NA,0.00146738368314974,1.23997127012724,-13.6635584023024,"116","minus","medium","alpha","both"
NA,NA,NA,0.15769978569747,625.57835077139,NA,0.00146738368314974,1.23997127012724,-13.6635584023024,"116","plus","easy","alpha","both"
NA,NA,NA,0.15769978569747,625.57835077139,NA,0.00146738368314974,1.23997127012724,-13.6635584023024,"116","plus","hard","alpha","both"
NA,NA,NA,0.15769978569747,625.57835077139,NA,0.00146738368314974,1.23997127012724,-13.6635584023024,"116","plus","medium","alpha","both"
NA,NA,NA,0.56483182204835,627.337452146042,NA,0.00115437707087919,0.60730811874884,14.0786748841454,"117","minus","easy","alpha","both"
NA,NA,NA,0.56483182204835,627.337452146042,NA,0.00115437707087919,0.60730811874884,14.0786748841454,"117","minus","hard","alpha","both"
NA,NA,NA,0.56483182204835,627.337452146042,NA,0.00115437707087919,0.60730811874884,14.0786748841454,"117","minus","medium","alpha","both"
NA,NA,NA,0.56483182204835,627.337452146042,NA,0.00115437707087919,0.60730811874884,14.0786748841454,"117","plus","easy","alpha","both"
NA,NA,NA,0.56483182204835,627.337452146042,NA,0.00115437707087919,0.60730811874884,14.0786748841454,"117","plus","hard","alpha","both"
NA,NA,NA,0.56483182204835,627.337452146042,NA,0.00115437707087919,0.60730811874884,14.0786748841454,"117","plus","medium","alpha","both"
NA,NA,NA,0.286855406893755,597.553557941103,NA,0.00143905901686471,0.714727697468249,27.8724162456003,"118","minus","easy","alpha","both"
NA,NA,NA,0.286855406893755,597.553557941103,NA,0.00143905901686471,0.714727697468249,27.8724162456003,"118","minus","hard","alpha","both"
NA,NA,NA,0.286855406893755,597.553557941103,NA,0.00143905901686471,0.714727697468249,27.8724162456003,"118","minus","medium","alpha","both"
NA,NA,NA,0.286855406893755,597.553557941103,NA,0.00143905901686471,0.714727697468249,27.8724162456003,"118","plus","easy","alpha","both"
NA,NA,NA,0.286855406893755,597.553557941103,NA,0.00143905901686471,0.714727697468249,27.8724162456003,"118","plus","hard","alpha","both"
NA,NA,NA,0.286855406893755,597.553557941103,NA,0.00143905901686471,0.714727697468249,27.8724162456003,"118","plus","medium","alpha","both"
NA,NA,NA,0.3108186736754,607.530742421633,NA,0.00164217293360761,1.75271747125336,0.333907720339056,"120","minus","easy","alpha","both"
NA,NA,NA,0.3108186736754,607.530742421633,NA,0.00164217293360761,1.75271747125336,0.333907720339056,"120","minus","hard","alpha","both"
NA,NA,NA,0.3108186736754,607.530742421633,NA,0.00164217293360761,1.75271747125336,0.333907720339056,"120","minus","medium","alpha","both"
NA,NA,NA,0.3108186736754,607.530742421633,NA,0.00164217293360761,1.75271747125336,0.333907720339056,"120","plus","easy","alpha","both"
NA,NA,NA,0.3108186736754,607.530742421633,NA,0.00164217293360761,1.75271747125336,0.333907720339056,"120","plus","hard","alpha","both"
NA,NA,NA,0.3108186736754,607.530742421633,NA,0.00164217293360761,1.75271747125336,0.333907720339056,"120","plus","medium","alpha","both"
NA,NA,NA,0.874429398421333,650.745603673587,NA,0.00139255878792508,0.945656827114903,21.625036921756,"121","minus","easy","alpha","both"
NA,NA,NA,0.874429398421333,650.745603673587,NA,0.00139255878792508,0.945656827114903,21.625036921756,"121","minus","hard","alpha","both"
NA,NA,NA,0.874429398421333,650.745603673587,NA,0.00139255878792508,0.945656827114903,21.625036921756,"121","minus","medium","alpha","both"
NA,NA,NA,0.874429398421333,650.745603673587,NA,0.00139255878792508,0.945656827114903,21.625036921756,"121","plus","easy","alpha","both"
NA,NA,NA,0.874429398421333,650.745603673587,NA,0.00139255878792508,0.945656827114903,21.625036921756,"121","plus","hard","alpha","both"
NA,NA,NA,0.874429398421333,650.745603673587,NA,0.00139255878792508,0.945656827114903,21.625036921756,"121","plus","medium","alpha","both"
NA,NA,NA,0.512541752588866,669.714994783882,NA,0.00148656837183379,1.38855999820221,-11.5660744868997,"122","minus","easy","alpha","both"
NA,NA,NA,0.512541752588866,669.714994783882,NA,0.00148656837183379,1.38855999820221,-11.5660744868997,"122","minus","hard","alpha","both"
NA,NA,NA,0.512541752588866,669.714994783882,NA,0.00148656837183379,1.38855999820221,-11.5660744868997,"122","minus","medium","alpha","both"
NA,NA,NA,0.512541752588866,669.714994783882,NA,0.00148656837183379,1.38855999820221,-11.5660744868997,"122","plus","easy","alpha","both"
NA,NA,NA,0.512541752588866,669.714994783882,NA,0.00148656837183379,1.38855999820221,-11.5660744868997,"122","plus","hard","alpha","both"
NA,NA,NA,0.512541752588866,669.714994783882,NA,0.00148656837183379,1.38855999820221,-11.5660744868997,"122","plus","medium","alpha","both"
NA,NA,NA,2.06444922371553,625.36378370774,NA,0.00099934921741534,0.873605321209575,-8.90924397771371,"123","minus","easy","alpha","both"
NA,NA,NA,2.06444922371553,625.36378370774,NA,0.00099934921741534,0.873605321209575,-8.90924397771371,"123","minus","hard","alpha","both"
NA,NA,NA,2.06444922371553,625.36378370774,NA,0.00099934921741534,0.873605321209575,-8.90924397771371,"123","minus","medium","alpha","both"
NA,NA,NA,2.06444922371553,625.36378370774,NA,0.00099934921741534,0.873605321209575,-8.90924397771371,"123","plus","easy","alpha","both"
NA,NA,NA,2.06444922371553,625.36378370774,NA,0.00099934921741534,0.873605321209575,-8.90924397771371,"123","plus","hard","alpha","both"
NA,NA,NA,2.06444922371553,625.36378370774,NA,0.00099934921741534,0.873605321209575,-8.90924397771371,"123","plus","medium","alpha","both"
NA,NA,NA,NA,NA,NA,NA,NA,NA,"124","minus","easy","alpha","both"
NA,NA,NA,NA,NA,NA,NA,NA,NA,"124","minus","hard","alpha","both"
NA,NA,NA,NA,NA,NA,NA,NA,NA,"124","minus","medium","alpha","both"
NA,NA,NA,NA,NA,NA,NA,NA,NA,"124","plus","easy","alpha","both"
NA,NA,NA,NA,NA,NA,NA,NA,NA,"124","plus","hard","alpha","both"
NA,NA,NA,NA,NA,NA,NA,NA,NA,"124","plus","medium","alpha","both"
NA,NA,NA,2.74627012959923,617.202236196497,NA,0.00129477750950042,0.806761776568275,-3.53255399581153,"125","minus","easy","alpha","both"
NA,NA,NA,2.74627012959923,617.202236196497,NA,0.00129477750950042,0.806761776568275,-3.53255399581153,"125","minus","hard","alpha","both"
NA,NA,NA,2.74627012959923,617.202236196497,NA,0.00129477750950042,0.806761776568275,-3.53255399581153,"125","minus","medium","alpha","both"
NA,NA,NA,2.74627012959923,617.202236196497,NA,0.00129477750950042,0.806761776568275,-3.53255399581153,"125","plus","easy","alpha","both"
NA,NA,NA,2.74627012959923,617.202236196497,NA,0.00129477750950042,0.806761776568275,-3.53255399581153,"125","plus","hard","alpha","both"
NA,NA,NA,2.74627012959923,617.202236196497,NA,0.00129477750950042,0.806761776568275,-3.53255399581153,"125","plus","medium","alpha","both"
NA,NA,NA,0.349687395141974,675.415359776509,NA,0.0016216812508448,1.10011193152172,-25.8717684994461,"126","minus","easy","alpha","both"
NA,NA,NA,0.349687395141974,675.415359776509,NA,0.0016216812508448,1.10011193152172,-25.8717684994461,"126","minus","hard","alpha","both"
NA,NA,NA,0.349687395141974,675.415359776509,NA,0.0016216812508448,1.10011193152172,-25.8717684994461,"126","minus","medium","alpha","both"
NA,NA,NA,0.349687395141974,675.415359776509,NA,0.0016216812508448,1.10011193152172,-25.8717684994461,"126","plus","easy","alpha","both"
NA,NA,NA,0.349687395141974,675.415359776509,NA,0.0016216812508448,1.10011193152172,-25.8717684994461,"126","plus","hard","alpha","both"
NA,NA,NA,0.349687395141974,675.415359776509,NA,0.0016216812508448,1.10011193152172,-25.8717684994461,"126","plus","medium","alpha","both"
NA,NA,NA,1.91072226503916,674.574329247768,NA,0.00101068421070198,0.618365846327702,51.5107033956384,"127","minus","easy","alpha","both"
NA,NA,NA,1.91072226503916,674.574329247768,NA,0.00101068421070198,0.618365846327702,51.5107033956384,"127","minus","hard","alpha","both"
NA,NA,NA,1.91072226503916,674.574329247768,NA,0.00101068421070198,0.618365846327702,51.5107033956384,"127","minus","medium","alpha","both"
NA,NA,NA,1.91072226503916,674.574329247768,NA,0.00101068421070198,0.618365846327702,51.5107033956384,"127","plus","easy","alpha","both"
NA,NA,NA,1.91072226503916,674.574329247768,NA,0.00101068421070198,0.618365846327702,51.5107033956384,"127","plus","hard","alpha","both"
NA,NA,NA,1.91072226503916,674.574329247768,NA,0.00101068421070198,0.618365846327702,51.5107033956384,"127","plus","medium","alpha","both"
NA,NA,NA,0.242298728851282,657.377207775726,NA,0.00159800282261929,1.00875963955704,-40.5430193356343,"128","minus","easy","alpha","both"
NA,NA,NA,0.242298728851282,657.377207775726,NA,0.00159800282261929,1.00875963955704,-40.5430193356343,"128","minus","hard","alpha","both"
NA,NA,NA,0.242298728851282,657.377207775726,NA,0.00159800282261929,1.00875963955704,-40.5430193356343,"128","minus","medium","alpha","both"
NA,NA,NA,0.242298728851282,657.377207775726,NA,0.00159800282261929,1.00875963955704,-40.5430193356343,"128","plus","easy","alpha","both"
NA,NA,NA,0.242298728851282,657.377207775726,NA,0.00159800282261929,1.00875963955704,-40.5430193356343,"128","plus","hard","alpha","both"
NA,NA,NA,0.242298728851282,657.377207775726,NA,0.00159800282261929,1.00875963955704,-40.5430193356343,"128","plus","medium","alpha","both"
NA,NA,NA,0.248918426836746,731.248242380457,NA,0.00141554965278411,2.49175581348459,40.2925899873982,"130","minus","easy","alpha","both"
NA,NA,NA,0.248918426836746,731.248242380457,NA,0.00141554965278411,2.49175581348459,40.2925899873982,"130","minus","hard","alpha","both"
NA,NA,NA,0.248918426836746,731.248242380457,NA,0.00141554965278411,2.49175581348459,40.2925899873982,"130","minus","medium","alpha","both"
NA,NA,NA,0.248918426836746,731.248242380457,NA,0.00141554965278411,2.49175581348459,40.2925899873982,"130","plus","easy","alpha","both"
NA,NA,NA,0.248918426836746,731.248242380457,NA,0.00141554965278411,2.49175581348459,40.2925899873982,"130","plus","hard","alpha","both"
NA,NA,NA,0.248918426836746,731.248242380457,NA,0.00141554965278411,2.49175581348459,40.2925899873982,"130","plus","medium","alpha","both"
NA,NA,NA,0.0987759387312288,685.346278888988,NA,0.00117147130647376,3.121181564027,25.5959416048101,"132","minus","easy","alpha","both"
NA,NA,NA,0.0987759387312288,685.346278888988,NA,0.00117147130647376,3.121181564027,25.5959416048101,"132","minus","hard","alpha","both"
NA,NA,NA,0.0987759387312288,685.346278888988,NA,0.00117147130647376,3.121181564027,25.5959416048101,"132","minus","medium","alpha","both"
NA,NA,NA,0.0987759387312288,685.346278888988,NA,0.00117147130647376,3.121181564027,25.5959416048101,"132","plus","easy","alpha","both"
NA,NA,NA,0.0987759387312288,685.346278888988,NA,0.00117147130647376,3.121181564027,25.5959416048101,"132","plus","hard","alpha","both"
NA,NA,NA,0.0987759387312288,685.346278888988,NA,0.00117147130647376,3.121181564027,25.5959416048101,"132","plus","medium","alpha","both"
NA,NA,NA,0.284798734481906,658.733592169361,NA,0.00173730076762527,1.43461111659029,0.730273050626252,"1320","minus","easy","alpha","both"
NA,NA,NA,0.284798734481906,658.733592169361,NA,0.00173730076762527,1.43461111659029,0.730273050626252,"1320","minus","hard","alpha","both"
NA,NA,NA,0.284798734481906,658.733592169361,NA,0.00173730076762527,1.43461111659029,0.730273050626252,"1320","minus","medium","alpha","both"
NA,NA,NA,0.284798734481906,658.733592169361,NA,0.00173730076762527,1.43461111659029,0.730273050626252,"1320","plus","easy","alpha","both"
NA,NA,NA,0.284798734481906,658.733592169361,NA,0.00173730076762527,1.43461111659029,0.730273050626252,"1320","plus","hard","alpha","both"
NA,NA,NA,0.284798734481906,658.733592169361,NA,0.00173730076762527,1.43461111659029,0.730273050626252,"1320","plus","medium","alpha","both"
NA,NA,NA,1.05708797385091,626.513606453635,NA,0.00131479868800156,2.58354205652954,39.5758072043823,"134","minus","easy","alpha","both"
NA,NA,NA,1.05708797385091,626.513606453635,NA,0.00131479868800156,2.58354205652954,39.5758072043823,"134","minus","hard","alpha","both"
NA,NA,NA,1.05708797385091,626.513606453635,NA,0.00131479868800156,2.58354205652954,39.5758072043823,"134","minus","medium","alpha","both"
NA,NA,NA,1.05708797385091,626.513606453635,NA,0.00131479868800156,2.58354205652954,39.5758072043823,"134","plus","easy","alpha","both"
NA,NA,NA,1.05708797385091,626.513606453635,NA,0.00131479868800156,2.58354205652954,39.5758072043823,"134","plus","hard","alpha","both"
NA,NA,NA,1.05708797385091,626.513606453635,NA,0.00131479868800156,2.58354205652954,39.5758072043823,"134","plus","medium","alpha","both"
NA,NA,NA,0.690431002484029,654.154715150145,NA,0.00113676946020912,1.86837255109264,15.6022685592121,"75","minus","easy","alpha","both"
NA,NA,NA,0.690431002484029,654.154715150145,NA,0.00113676946020912,1.86837255109264,15.6022685592121,"75","minus","hard","alpha","both"
NA,NA,NA,0.690431002484029,654.154715150145,NA,0.00113676946020912,1.86837255109264,15.6022685592121,"75","minus","medium","alpha","both"
NA,NA,NA,0.690431002484029,654.154715150145,NA,0.00113676946020912,1.86837255109264,15.6022685592121,"75","plus","easy","alpha","both"
NA,NA,NA,0.690431002484029,654.154715150145,NA,0.00113676946020912,1.86837255109264,15.6022685592121,"75","plus","hard","alpha","both"
NA,NA,NA,0.690431002484029,654.154715150145,NA,0.00113676946020912,1.86837255109264,15.6022685592121,"75","plus","medium","alpha","both"
NA,NA,NA,0.111372799522669,674.538513699581,NA,0.00151428496078721,1.26361397380863,6.44528899212086,"76","minus","easy","alpha","both"
NA,NA,NA,0.111372799522669,674.538513699581,NA,0.00151428496078721,1.26361397380863,6.44528899212086,"76","minus","hard","alpha","both"
NA,NA,NA,0.111372799522669,674.538513699581,NA,0.00151428496078721,1.26361397380863,6.44528899212086,"76","minus","medium","alpha","both"
NA,NA,NA,0.111372799522669,674.538513699581,NA,0.00151428496078721,1.26361397380863,6.44528899212086,"76","plus","easy","alpha","both"
NA,NA,NA,0.111372799522669,674.538513699581,NA,0.00151428496078721,1.26361397380863,6.44528899212086,"76","plus","hard","alpha","both"
NA,NA,NA,0.111372799522669,674.538513699581,NA,0.00151428496078721,1.26361397380863,6.44528899212086,"76","plus","medium","alpha","both"
NA,NA,NA,2.42163700897152,680.201134283503,NA,0.000729764700491269,0.424842332531772,6.526195335588,"77","minus","easy","alpha","both"
NA,NA,NA,2.42163700897152,680.201134283503,NA,0.000729764700491269,0.424842332531772,6.526195335588,"77","minus","hard","alpha","both"
NA,NA,NA,2.42163700897152,680.201134283503,NA,0.000729764700491269,0.424842332531772,6.526195335588,"77","minus","medium","alpha","both"
NA,NA,NA,2.42163700897152,680.201134283503,NA,0.000729764700491269,0.424842332531772,6.526195335588,"77","plus","easy","alpha","both"
NA,NA,NA,2.42163700897152,680.201134283503,NA,0.000729764700491269,0.424842332531772,6.526195335588,"77","plus","hard","alpha","both"
NA,NA,NA,2.42163700897152,680.201134283503,NA,0.000729764700491269,0.424842332531772,6.526195335588,"77","plus","medium","alpha","both"
NA,NA,NA,0.29955318894621,641.952170840974,NA,0.00126474869366754,0.710653328005702,-49.5545028308635,"78","minus","easy","alpha","both"
NA,NA,NA,0.29955318894621,641.952170840974,NA,0.00126474869366754,0.710653328005702,-49.5545028308635,"78","minus","hard","alpha","both"
NA,NA,NA,0.29955318894621,641.952170840974,NA,0.00126474869366754,0.710653328005702,-49.5545028308635,"78","minus","medium","alpha","both"
NA,NA,NA,0.29955318894621,641.952170840974,NA,0.00126474869366754,0.710653328005702,-49.5545028308635,"78","plus","easy","alpha","both"
NA,NA,NA,0.29955318894621,641.952170840974,NA,0.00126474869366754,0.710653328005702,-49.5545028308635,"78","plus","hard","alpha","both"
NA,NA,NA,0.29955318894621,641.952170840974,NA,0.00126474869366754,0.710653328005702,-49.5545028308635,"78","plus","medium","alpha","both"
NA,NA,NA,0.528831475942161,691.149346885548,NA,0.00116632242919498,1.54434784199454,-31.7189777443816,"79","minus","easy","alpha","both"
NA,NA,NA,0.528831475942161,691.149346885548,NA,0.00116632242919498,1.54434784199454,-31.7189777443816,"79","minus","hard","alpha","both"
NA,NA,NA,0.528831475942161,691.149346885548,NA,0.00116632242919498,1.54434784199454,-31.7189777443816,"79","minus","medium","alpha","both"
NA,NA,NA,0.528831475942161,691.149346885548,NA,0.00116632242919498,1.54434784199454,-31.7189777443816,"79","plus","easy","alpha","both"
NA,NA,NA,0.528831475942161,691.149346885548,NA,0.00116632242919498,1.54434784199454,-31.7189777443816,"79","plus","hard","alpha","both"
NA,NA,NA,0.528831475942161,691.149346885548,NA,0.00116632242919498,1.54434784199454,-31.7189777443816,"79","plus","medium","alpha","both"
NA,NA,NA,6.84433726081044,722.747670049421,NA,0.000699616394215728,0.514205183216194,-14.0155967198293,"80","minus","easy","alpha","both"
NA,NA,NA,6.84433726081044,722.747670049421,NA,0.000699616394215728,0.514205183216194,-14.0155967198293,"80","minus","hard","alpha","both"
NA,NA,NA,6.84433726081044,722.747670049421,NA,0.000699616394215728,0.514205183216194,-14.0155967198293,"80","minus","medium","alpha","both"
NA,NA,NA,6.84433726081044,722.747670049421,NA,0.000699616394215728,0.514205183216194,-14.0155967198293,"80","plus","easy","alpha","both"
NA,NA,NA,6.84433726081044,722.747670049421,NA,0.000699616394215728,0.514205183216194,-14.0155967198293,"80","plus","hard","alpha","both"
NA,NA,NA,6.84433726081044,722.747670049421,NA,0.000699616394215728,0.514205183216194,-14.0155967198293,"80","plus","medium","alpha","both"
NA,NA,NA,1.06243932567688,632.322601532838,NA,0.00117665209522388,0.707110993163766,25.7288538397265,"81","minus","easy","alpha","both"
NA,NA,NA,1.06243932567688,632.322601532838,NA,0.00117665209522388,0.707110993163766,25.7288538397265,"81","minus","hard","alpha","both"
NA,NA,NA,1.06243932567688,632.322601532838,NA,0.00117665209522388,0.707110993163766,25.7288538397265,"81","minus","medium","alpha","both"
NA,NA,NA,1.06243932567688,632.322601532838,NA,0.00117665209522388,0.707110993163766,25.7288538397265,"81","plus","easy","alpha","both"
NA,NA,NA,1.06243932567688,632.322601532838,NA,0.00117665209522388,0.707110993163766,25.7288538397265,"81","plus","hard","alpha","both"
NA,NA,NA,1.06243932567688,632.322601532838,NA,0.00117665209522388,0.707110993163766,25.7288538397265,"81","plus","medium","alpha","both"
NA,NA,NA,0.0327186754744072,685.633891796148,NA,0.00138189203036835,1.67986885914452,33.3258360516025,"82","minus","easy","alpha","both"
NA,NA,NA,0.0327186754744072,685.633891796148,NA,0.00138189203036835,1.67986885914452,33.3258360516025,"82","minus","hard","alpha","both"
NA,NA,NA,0.0327186754744072,685.633891796148,NA,0.00138189203036835,1.67986885914452,33.3258360516025,"82","minus","medium","alpha","both"
NA,NA,NA,0.0327186754744072,685.633891796148,NA,0.00138189203036835,1.67986885914452,33.3258360516025,"82","plus","easy","alpha","both"
NA,NA,NA,0.0327186754744072,685.633891796148,NA,0.00138189203036835,1.67986885914452,33.3258360516025,"82","plus","hard","alpha","both"
NA,NA,NA,0.0327186754744072,685.633891796148,NA,0.00138189203036835,1.67986885914452,33.3258360516025,"82","plus","medium","alpha","both"
NA,NA,NA,0.519532821150943,662.548455799688,NA,0.00157115806161124,0.513906695590003,20.5818701831222,"84","minus","easy","alpha","both"
NA,NA,NA,0.519532821150943,662.548455799688,NA,0.00157115806161124,0.513906695590003,20.5818701831222,"84","minus","hard","alpha","both"
NA,NA,NA,0.519532821150943,662.548455799688,NA,0.00157115806161124,0.513906695590003,20.5818701831222,"84","minus","medium","alpha","both"
NA,NA,NA,0.519532821150943,662.548455799688,NA,0.00157115806161124,0.513906695590003,20.5818701831222,"84","plus","easy","alpha","both"
NA,NA,NA,0.519532821150943,662.548455799688,NA,0.00157115806161124,0.513906695590003,20.5818701831222,"84","plus","hard","alpha","both"
NA,NA,NA,0.519532821150943,662.548455799688,NA,0.00157115806161124,0.513906695590003,20.5818701831222,"84","plus","medium","alpha","both"
NA,NA,NA,1.98296424963625,631.760883528945,NA,0.00119147095399408,0.838498605228311,-20.140207506282,"85","minus","easy","alpha","both"
NA,NA,NA,1.98296424963625,631.760883528945,NA,0.00119147095399408,0.838498605228311,-20.140207506282,"85","minus","hard","alpha","both"
NA,NA,NA,1.98296424963625,631.760883528945,NA,0.00119147095399408,0.838498605228311,-20.140207506282,"85","minus","medium","alpha","both"
NA,NA,NA,1.98296424963625,631.760883528945,NA,0.00119147095399408,0.838498605228311,-20.140207506282,"85","plus","easy","alpha","both"
NA,NA,NA,1.98296424963625,631.760883528945,NA,0.00119147095399408,0.838498605228311,-20.140207506282,"85","plus","hard","alpha","both"
NA,NA,NA,1.98296424963625,631.760883528945,NA,0.00119147095399408,0.838498605228311,-20.140207506282,"85","plus","medium","alpha","both"
NA,NA,NA,0.202568233299428,619.553440137366,NA,0.00104151588371359,0.563630015765749,14.1198802572402,"86","minus","easy","alpha","both"
NA,NA,NA,0.202568233299428,619.553440137366,NA,0.00104151588371359,0.563630015765749,14.1198802572402,"86","minus","hard","alpha","both"
NA,NA,NA,0.202568233299428,619.553440137366,NA,0.00104151588371359,0.563630015765749,14.1198802572402,"86","minus","medium","alpha","both"
NA,NA,NA,0.202568233299428,619.553440137366,NA,0.00104151588371359,0.563630015765749,14.1198802572402,"86","plus","easy","alpha","both"
NA,NA,NA,0.202568233299428,619.553440137366,NA,0.00104151588371359,0.563630015765749,14.1198802572402,"86","plus","hard","alpha","both"
NA,NA,NA,0.202568233299428,619.553440137366,NA,0.00104151588371359,0.563630015765749,14.1198802572402,"86","plus","medium","alpha","both"
NA,NA,NA,0.637732018483313,648.714587147106,NA,0.000913006579569901,1.23998046039737,41.9757016314892,"87","minus","easy","alpha","both"
NA,NA,NA,0.637732018483313,648.714587147106,NA,0.000913006579569901,1.23998046039737,41.9757016314892,"87","minus","hard","alpha","both"
NA,NA,NA,0.637732018483313,648.714587147106,NA,0.000913006579569901,1.23998046039737,41.9757016314892,"87","minus","medium","alpha","both"
NA,NA,NA,0.637732018483313,648.714587147106,NA,0.000913006579569901,1.23998046039737,41.9757016314892,"87","plus","easy","alpha","both"
NA,NA,NA,0.637732018483313,648.714587147106,NA,0.000913006579569901,1.23998046039737,41.9757016314892,"87","plus","hard","alpha","both"
NA,NA,NA,0.637732018483313,648.714587147106,NA,0.000913006579569901,1.23998046039737,41.9757016314892,"87","plus","medium","alpha","both"
NA,NA,NA,1.95454362990148,621.730313246526,NA,0.00102210621265017,0.862049978933504,16.8112556839619,"89","minus","easy","alpha","both"
NA,NA,NA,1.95454362990148,621.730313246526,NA,0.00102210621265017,0.862049978933504,16.8112556839619,"89","minus","hard","alpha","both"
NA,NA,NA,1.95454362990148,621.730313246526,NA,0.00102210621265017,0.862049978933504,16.8112556839619,"89","minus","medium","alpha","both"
NA,NA,NA,1.95454362990148,621.730313246526,NA,0.00102210621265017,0.862049978933504,16.8112556839619,"89","plus","easy","alpha","both"
NA,NA,NA,1.95454362990148,621.730313246526,NA,0.00102210621265017,0.862049978933504,16.8112556839619,"89","plus","hard","alpha","both"
NA,NA,NA,1.95454362990148,621.730313246526,NA,0.00102210621265017,0.862049978933504,16.8112556839619,"89","plus","medium","alpha","both"
NA,NA,NA,1.00315899364321,650.061747042239,NA,0.00113851938340396,0.560237515821243,-28.2634475074297,"91","minus","easy","alpha","both"
NA,NA,NA,1.00315899364321,650.061747042239,NA,0.00113851938340396,0.560237515821243,-28.2634475074297,"91","minus","hard","alpha","both"
NA,NA,NA,1.00315899364321,650.061747042239,NA,0.00113851938340396,0.560237515821243,-28.2634475074297,"91","minus","medium","alpha","both"
NA,NA,NA,1.00315899364321,650.061747042239,NA,0.00113851938340396,0.560237515821243,-28.2634475074297,"91","plus","easy","alpha","both"
NA,NA,NA,1.00315899364321,650.061747042239,NA,0.00113851938340396,0.560237515821243,-28.2634475074297,"91","plus","hard","alpha","both"
NA,NA,NA,1.00315899364321,650.061747042239,NA,0.00113851938340396,0.560237515821243,-28.2634475074297,"91","plus","medium","alpha","both"
NA,NA,NA,0.51975197934269,685.341145775197,NA,0.00140889755720415,2.38556748669673,52.4982907866192,"92","minus","easy","alpha","both"
NA,NA,NA,0.51975197934269,685.341145775197,NA,0.00140889755720415,2.38556748669673,52.4982907866192,"92","minus","hard","alpha","both"
NA,NA,NA,0.51975197934269,685.341145775197,NA,0.00140889755720415,2.38556748669673,52.4982907866192,"92","minus","medium","alpha","both"
NA,NA,NA,0.51975197934269,685.341145775197,NA,0.00140889755720415,2.38556748669673,52.4982907866192,"92","plus","easy","alpha","both"
NA,NA,NA,0.51975197934269,685.341145775197,NA,0.00140889755720415,2.38556748669673,52.4982907866192,"92","plus","hard","alpha","both"
NA,NA,NA,0.51975197934269,685.341145775197,NA,0.00140889755720415,2.38556748669673,52.4982907866192,"92","plus","medium","alpha","both"
NA,NA,NA,0.339599888505997,602.597195762608,NA,0.00119703805572795,1.65545978323466,31.7726415719048,"94","minus","easy","alpha","both"
NA,NA,NA,0.339599888505997,602.597195762608,NA,0.00119703805572795,1.65545978323466,31.7726415719048,"94","minus","hard","alpha","both"
NA,NA,NA,0.339599888505997,602.597195762608,NA,0.00119703805572795,1.65545978323466,31.7726415719048,"94","minus","medium","alpha","both"
NA,NA,NA,0.339599888505997,602.597195762608,NA,0.00119703805572795,1.65545978323466,31.7726415719048,"94","plus","easy","alpha","both"
NA,NA,NA,0.339599888505997,602.597195762608,NA,0.00119703805572795,1.65545978323466,31.7726415719048,"94","plus","hard","alpha","both"
NA,NA,NA,0.339599888505997,602.597195762608,NA,0.00119703805572795,1.65545978323466,31.7726415719048,"94","plus","medium","alpha","both"
NA,NA,NA,0.845057336806615,645.373273867133,NA,0.00120459516371273,0.540277619674794,-24.6343896881427,"95","minus","easy","alpha","both"
NA,NA,NA,0.845057336806615,645.373273867133,NA,0.00120459516371273,0.540277619674794,-24.6343896881427,"95","minus","hard","alpha","both"
NA,NA,NA,0.845057336806615,645.373273867133,NA,0.00120459516371273,0.540277619674794,-24.6343896881427,"95","minus","medium","alpha","both"
NA,NA,NA,0.845057336806615,645.373273867133,NA,0.00120459516371273,0.540277619674794,-24.6343896881427,"95","plus","easy","alpha","both"
NA,NA,NA,0.845057336806615,645.373273867133,NA,0.00120459516371273,0.540277619674794,-24.6343896881427,"95","plus","hard","alpha","both"
NA,NA,NA,0.845057336806615,645.373273867133,NA,0.00120459516371273,0.540277619674794,-24.6343896881427,"95","plus","medium","alpha","both"
NA,NA,NA,0.190426500654872,614.414978578875,NA,0.0013122310928485,2.42038549368598,-52.837471723563,"96","minus","easy","alpha","both"
NA,NA,NA,0.190426500654872,614.414978578875,NA,0.0013122310928485,2.42038549368598,-52.837471723563,"96","minus","hard","alpha","both"
NA,NA,NA,0.190426500654872,614.414978578875,NA,0.0013122310928485,2.42038549368598,-52.837471723563,"96","minus","medium","alpha","both"
NA,NA,NA,0.190426500654872,614.414978578875,NA,0.0013122310928485,2.42038549368598,-52.837471723563,"96","plus","easy","alpha","both"
NA,NA,NA,0.190426500654872,614.414978578875,NA,0.0013122310928485,2.42038549368598,-52.837471723563,"96","plus","hard","alpha","both"
NA,NA,NA,0.190426500654872,614.414978578875,NA,0.0013122310928485,2.42038549368598,-52.837471723563,"96","plus","medium","alpha","both"
NA,NA,NA,0.273265097577478,621.15754933255,NA,0.0012714065135461,1.08497428202491,21.1058432616708,"97","minus","easy","alpha","both"
NA,NA,NA,0.273265097577478,621.15754933255,NA,0.0012714065135461,1.08497428202491,21.1058432616708,"97","minus","hard","alpha","both"
NA,NA,NA,0.273265097577478,621.15754933255,NA,0.0012714065135461,1.08497428202491,21.1058432616708,"97","minus","medium","alpha","both"
NA,NA,NA,0.273265097577478,621.15754933255,NA,0.0012714065135461,1.08497428202491,21.1058432616708,"97","plus","easy","alpha","both"
NA,NA,NA,0.273265097577478,621.15754933255,NA,0.0012714065135461,1.08497428202491,21.1058432616708,"97","plus","hard","alpha","both"
NA,NA,NA,0.273265097577478,621.15754933255,NA,0.0012714065135461,1.08497428202491,21.1058432616708,"97","plus","medium","alpha","both"
NA,NA,NA,1.20474311719141,636.634772000911,NA,0.00129692880977697,0.899556775765489,-34.6028359185977,"98","minus","easy","alpha","both"
NA,NA,NA,1.20474311719141,636.634772000911,NA,0.00129692880977697,0.899556775765489,-34.6028359185977,"98","minus","hard","alpha","both"
NA,NA,NA,1.20474311719141,636.634772000911,NA,0.00129692880977697,0.899556775765489,-34.6028359185977,"98","minus","medium","alpha","both"
NA,NA,NA,1.20474311719141,636.634772000911,NA,0.00129692880977697,0.899556775765489,-34.6028359185977,"98","plus","easy","alpha","both"
NA,NA,NA,1.20474311719141,636.634772000911,NA,0.00129692880977697,0.899556775765489,-34.6028359185977,"98","plus","hard","alpha","both"
NA,NA,NA,1.20474311719141,636.634772000911,NA,0.00129692880977697,0.899556775765489,-34.6028359185977,"98","plus","medium","alpha","both"
NA,NA,NA,0.0680783848195121,626.855266236689,NA,0.000801894798925249,2.36058290293342,-4.61380835710444,"99","minus","easy","alpha","both"
NA,NA,NA,0.0680783848195121,626.855266236689,NA,0.000801894798925249,2.36058290293342,-4.61380835710444,"99","minus","hard","alpha","both"
NA,NA,NA,0.0680783848195121,626.855266236689,NA,0.000801894798925249,2.36058290293342,-4.61380835710444,"99","minus","medium","alpha","both"
NA,NA,NA,0.0680783848195121,626.855266236689,NA,0.000801894798925249,2.36058290293342,-4.61380835710444,"99","plus","easy","alpha","both"
NA,NA,NA,0.0680783848195121,626.855266236689,NA,0.000801894798925249,2.36058290293342,-4.61380835710444,"99","plus","hard","alpha","both"
NA,NA,NA,0.0680783848195121,626.855266236689,NA,0.000801894798925249,2.36058290293342,-4.61380835710444,"99","plus","medium","alpha","both"
NA,NA,NA,18.1917665939565,513.20919806164,NA,0.00138802731015374,3.22773228169772,4.94190526922738,"10","minus","easy","beta","both"
NA,NA,NA,18.1917665939565,513.20919806164,NA,0.00138802731015374,3.22773228169772,4.94190526922738,"10","minus","hard","beta","both"
NA,NA,NA,18.1917665939565,513.20919806164,NA,0.00138802731015374,3.22773228169772,4.94190526922738,"10","minus","medium","beta","both"
NA,NA,NA,18.1917665939565,513.20919806164,NA,0.00138802731015374,3.22773228169772,4.94190526922738,"10","plus","easy","beta","both"
NA,NA,NA,18.1917665939565,513.20919806164,NA,0.00138802731015374,3.22773228169772,4.94190526922738,"10","plus","hard","beta","both"
NA,NA,NA,18.1917665939565,513.20919806164,NA,0.00138802731015374,3.22773228169772,4.94190526922738,"10","plus","medium","beta","both"
NA,NA,NA,0.262296609072493,595.849569624734,NA,0.00136136983486864,2.33993651346791,33.0037715480889,"11","minus","easy","beta","both"
NA,NA,NA,0.262296609072493,595.849569624734,NA,0.00136136983486864,2.33993651346791,33.0037715480889,"11","minus","hard","beta","both"
NA,NA,NA,0.262296609072493,595.849569624734,NA,0.00136136983486864,2.33993651346791,33.0037715480889,"11","minus","medium","beta","both"
NA,NA,NA,0.262296609072493,595.849569624734,NA,0.00136136983486864,2.33993651346791,33.0037715480889,"11","plus","easy","beta","both"
NA,NA,NA,0.262296609072493,595.849569624734,NA,0.00136136983486864,2.33993651346791,33.0037715480889,"11","plus","hard","beta","both"
NA,NA,NA,0.262296609072493,595.849569624734,NA,0.00136136983486864,2.33993651346791,33.0037715480889,"11","plus","medium","beta","both"
NA,NA,NA,0.386514794752986,597.417499998203,NA,0.00148946518803536,0.657885721808511,10.8569919751549,"12","minus","easy","beta","both"
NA,NA,NA,0.386514794752986,597.417499998203,NA,0.00148946518803536,0.657885721808511,10.8569919751549,"12","minus","hard","beta","both"
NA,NA,NA,0.386514794752986,597.417499998203,NA,0.00148946518803536,0.657885721808511,10.8569919751549,"12","minus","medium","beta","both"
NA,NA,NA,0.386514794752986,597.417499998203,NA,0.00148946518803536,0.657885721808511,10.8569919751549,"12","plus","easy","beta","both"
NA,NA,NA,0.386514794752986,597.417499998203,NA,0.00148946518803536,0.657885721808511,10.8569919751549,"12","plus","hard","beta","both"
NA,NA,NA,0.386514794752986,597.417499998203,NA,0.00148946518803536,0.657885721808511,10.8569919751549,"12","plus","medium","beta","both"
NA,NA,NA,0.388198895984375,623.653150116098,NA,0.00126070200131161,1.35310851811159,7.26851708644323,"13","minus","easy","beta","both"
NA,NA,NA,0.388198895984375,623.653150116098,NA,0.00126070200131161,1.35310851811159,7.26851708644323,"13","minus","hard","beta","both"
NA,NA,NA,0.388198895984375,623.653150116098,NA,0.00126070200131161,1.35310851811159,7.26851708644323,"13","minus","medium","beta","both"
NA,NA,NA,0.388198895984375,623.653150116098,NA,0.00126070200131161,1.35310851811159,7.26851708644323,"13","plus","easy","beta","both"
NA,NA,NA,0.388198895984375,623.653150116098,NA,0.00126070200131161,1.35310851811159,7.26851708644323,"13","plus","hard","beta","both"
NA,NA,NA,0.388198895984375,623.653150116098,NA,0.00126070200131161,1.35310851811159,7.26851708644323,"13","plus","medium","beta","both"
NA,NA,NA,0.426080185487967,566.818972855758,NA,0.00119695745023663,0.894831707297015,2.8946180945829,"15","minus","easy","beta","both"
NA,NA,NA,0.426080185487967,566.818972855758,NA,0.00119695745023663,0.894831707297015,2.8946180945829,"15","minus","hard","beta","both"
NA,NA,NA,0.426080185487967,566.818972855758,NA,0.00119695745023663,0.894831707297015,2.8946180945829,"15","minus","medium","beta","both"
NA,NA,NA,0.426080185487967,566.818972855758,NA,0.00119695745023663,0.894831707297015,2.8946180945829,"15","plus","easy","beta","both"
NA,NA,NA,0.426080185487967,566.818972855758,NA,0.00119695745023663,0.894831707297015,2.8946180945829,"15","plus","hard","beta","both"
NA,NA,NA,0.426080185487967,566.818972855758,NA,0.00119695745023663,0.894831707297015,2.8946180945829,"15","plus","medium","beta","both"
NA,NA,NA,6.0454507366729,552.875529469613,NA,0.00150368679978378,2.99720249226982,12.2945372819348,"16","minus","easy","beta","both"
NA,NA,NA,6.0454507366729,552.875529469613,NA,0.00150368679978378,2.99720249226982,12.2945372819348,"16","minus","hard","beta","both"
NA,NA,NA,6.0454507366729,552.875529469613,NA,0.00150368679978378,2.99720249226982,12.2945372819348,"16","minus","medium","beta","both"
NA,NA,NA,6.0454507366729,552.875529469613,NA,0.00150368679978378,2.99720249226982,12.2945372819348,"16","plus","easy","beta","both"
NA,NA,NA,6.0454507366729,552.875529469613,NA,0.00150368679978378,2.99720249226982,12.2945372819348,"16","plus","hard","beta","both"
NA,NA,NA,6.0454507366729,552.875529469613,NA,0.00150368679978378,2.99720249226982,12.2945372819348,"16","plus","medium","beta","both"
NA,NA,NA,0.850646711052514,625.863984842615,NA,0.00125151201767877,0.652096205355103,9.47156837881356,"17","minus","easy","beta","both"
NA,NA,NA,0.850646711052514,625.863984842615,NA,0.00125151201767877,0.652096205355103,9.47156837881356,"17","minus","hard","beta","both"
NA,NA,NA,0.850646711052514,625.863984842615,NA,0.00125151201767877,0.652096205355103,9.47156837881356,"17","minus","medium","beta","both"
NA,NA,NA,0.850646711052514,625.863984842615,NA,0.00125151201767877,0.652096205355103,9.47156837881356,"17","plus","easy","beta","both"
NA,NA,NA,0.850646711052514,625.863984842615,NA,0.00125151201767877,0.652096205355103,9.47156837881356,"17","plus","hard","beta","both"
NA,NA,NA,0.850646711052514,625.863984842615,NA,0.00125151201767877,0.652096205355103,9.47156837881356,"17","plus","medium","beta","both"
NA,NA,NA,0.106184130380849,583.941652827748,NA,0.00137469041217765,2.69333472299206,-38.5377310509103,"2","minus","easy","beta","both"
NA,NA,NA,0.106184130380849,583.941652827748,NA,0.00137469041217765,2.69333472299206,-38.5377310509103,"2","minus","hard","beta","both"
NA,NA,NA,0.106184130380849,583.941652827748,NA,0.00137469041217765,2.69333472299206,-38.5377310509103,"2","minus","medium","beta","both"
NA,NA,NA,0.106184130380849,583.941652827748,NA,0.00137469041217765,2.69333472299206,-38.5377310509103,"2","plus","easy","beta","both"
NA,NA,NA,0.106184130380849,583.941652827748,NA,0.00137469041217765,2.69333472299206,-38.5377310509103,"2","plus","hard","beta","both"
NA,NA,NA,0.106184130380849,583.941652827748,NA,0.00137469041217765,2.69333472299206,-38.5377310509103,"2","plus","medium","beta","both"
NA,NA,NA,0.142469556508134,589.429678910774,NA,0.00145302534967052,1.90801586926939,-18.4845553018728,"20","minus","easy","beta","both"
NA,NA,NA,0.142469556508134,589.429678910774,NA,0.00145302534967052,1.90801586926939,-18.4845553018728,"20","minus","hard","beta","both"
NA,NA,NA,0.142469556508134,589.429678910774,NA,0.00145302534967052,1.90801586926939,-18.4845553018728,"20","minus","medium","beta","both"
NA,NA,NA,0.142469556508134,589.429678910774,NA,0.00145302534967052,1.90801586926939,-18.4845553018728,"20","plus","easy","beta","both"
NA,NA,NA,0.142469556508134,589.429678910774,NA,0.00145302534967052,1.90801586926939,-18.4845553018728,"20","plus","hard","beta","both"
NA,NA,NA,0.142469556508134,589.429678910774,NA,0.00145302534967052,1.90801586926939,-18.4845553018728,"20","plus","medium","beta","both"
NA,NA,NA,0.934453367339895,603.577757707591,NA,0.00148684866826873,1.44013341795903,58.2790143631197,"21","minus","easy","beta","both"
NA,NA,NA,0.934453367339895,603.577757707591,NA,0.00148684866826873,1.44013341795903,58.2790143631197,"21","minus","hard","beta","both"
NA,NA,NA,0.934453367339895,603.577757707591,NA,0.00148684866826873,1.44013341795903,58.2790143631197,"21","minus","medium","beta","both"
NA,NA,NA,0.934453367339895,603.577757707591,NA,0.00148684866826873,1.44013341795903,58.2790143631197,"21","plus","easy","beta","both"
NA,NA,NA,0.934453367339895,603.577757707591,NA,0.00148684866826873,1.44013341795903,58.2790143631197,"21","plus","hard","beta","both"
NA,NA,NA,0.934453367339895,603.577757707591,NA,0.00148684866826873,1.44013341795903,58.2790143631197,"21","plus","medium","beta","both"
NA,NA,NA,0.153582827479252,594.120193301182,NA,0.00156294583274374,1.33737075499819,21.4782536219163,"22","minus","easy","beta","both"
NA,NA,NA,0.153582827479252,594.120193301182,NA,0.00156294583274374,1.33737075499819,21.4782536219163,"22","minus","hard","beta","both"
NA,NA,NA,0.153582827479252,594.120193301182,NA,0.00156294583274374,1.33737075499819,21.4782536219163,"22","minus","medium","beta","both"
NA,NA,NA,0.153582827479252,594.120193301182,NA,0.00156294583274374,1.33737075499819,21.4782536219163,"22","plus","easy","beta","both"
NA,NA,NA,0.153582827479252,594.120193301182,NA,0.00156294583274374,1.33737075499819,21.4782536219163,"22","plus","hard","beta","both"
NA,NA,NA,0.153582827479252,594.120193301182,NA,0.00156294583274374,1.33737075499819,21.4782536219163,"22","plus","medium","beta","both"
NA,NA,NA,0.372968946019022,617.091275265242,NA,0.00125990657751569,0.506889856286992,-14.6534107304967,"23","minus","easy","beta","both"
NA,NA,NA,0.372968946019022,617.091275265242,NA,0.00125990657751569,0.506889856286992,-14.6534107304967,"23","minus","hard","beta","both"
NA,NA,NA,0.372968946019022,617.091275265242,NA,0.00125990657751569,0.506889856286992,-14.6534107304967,"23","minus","medium","beta","both"
NA,NA,NA,0.372968946019022,617.091275265242,NA,0.00125990657751569,0.506889856286992,-14.6534107304967,"23","plus","easy","beta","both"
NA,NA,NA,0.372968946019022,617.091275265242,NA,0.00125990657751569,0.506889856286992,-14.6534107304967,"23","plus","hard","beta","both"
NA,NA,NA,0.372968946019022,617.091275265242,NA,0.00125990657751569,0.506889856286992,-14.6534107304967,"23","plus","medium","beta","both"
NA,NA,NA,1.28035853919819,587.00835543181,NA,0.000992724634826681,0.848866121581252,-34.0839573183302,"25","minus","easy","beta","both"
NA,NA,NA,1.28035853919819,587.00835543181,NA,0.000992724634826681,0.848866121581252,-34.0839573183302,"25","minus","hard","beta","both"
NA,NA,NA,1.28035853919819,587.00835543181,NA,0.000992724634826681,0.848866121581252,-34.0839573183302,"25","minus","medium","beta","both"
NA,NA,NA,1.28035853919819,587.00835543181,NA,0.000992724634826681,0.848866121581252,-34.0839573183302,"25","plus","easy","beta","both"
NA,NA,NA,1.28035853919819,587.00835543181,NA,0.000992724634826681,0.848866121581252,-34.0839573183302,"25","plus","hard","beta","both"
NA,NA,NA,1.28035853919819,587.00835543181,NA,0.000992724634826681,0.848866121581252,-34.0839573183302,"25","plus","medium","beta","both"
NA,NA,NA,1.28618979946272,561.689125688125,NA,0.00128489022306474,2.34055380045952,-25.0061562633449,"26","minus","easy","beta","both"
NA,NA,NA,1.28618979946272,561.689125688125,NA,0.00128489022306474,2.34055380045952,-25.0061562633449,"26","minus","hard","beta","both"
NA,NA,NA,1.28618979946272,561.689125688125,NA,0.00128489022306474,2.34055380045952,-25.0061562633449,"26","minus","medium","beta","both"
NA,NA,NA,1.28618979946272,561.689125688125,NA,0.00128489022306474,2.34055380045952,-25.0061562633449,"26","plus","easy","beta","both"
NA,NA,NA,1.28618979946272,561.689125688125,NA,0.00128489022306474,2.34055380045952,-25.0061562633449,"26","plus","hard","beta","both"
NA,NA,NA,1.28618979946272,561.689125688125,NA,0.00128489022306474,2.34055380045952,-25.0061562633449,"26","plus","medium","beta","both"
NA,NA,NA,1.22170801731743,562.300977740579,NA,0.00109053249401355,0.60973701020095,14.1749712995714,"27","minus","easy","beta","both"
NA,NA,NA,1.22170801731743,562.300977740579,NA,0.00109053249401355,0.60973701020095,14.1749712995714,"27","minus","hard","beta","both"
NA,NA,NA,1.22170801731743,562.300977740579,NA,0.00109053249401355,0.60973701020095,14.1749712995714,"27","minus","medium","beta","both"
NA,NA,NA,1.22170801731743,562.300977740579,NA,0.00109053249401355,0.60973701020095,14.1749712995714,"27","plus","easy","beta","both"
NA,NA,NA,1.22170801731743,562.300977740579,NA,0.00109053249401355,0.60973701020095,14.1749712995714,"27","plus","hard","beta","both"
NA,NA,NA,1.22170801731743,562.300977740579,NA,0.00109053249401355,0.60973701020095,14.1749712995714,"27","plus","medium","beta","both"
NA,NA,NA,1.24924035477834,545.121617695093,NA,0.00127152013118449,2.03929924115621,-4.58245393978023,"28","minus","easy","beta","both"
NA,NA,NA,1.24924035477834,545.121617695093,NA,0.00127152013118449,2.03929924115621,-4.58245393978023,"28","minus","hard","beta","both"
NA,NA,NA,1.24924035477834,545.121617695093,NA,0.00127152013118449,2.03929924115621,-4.58245393978023,"28","minus","medium","beta","both"
NA,NA,NA,1.24924035477834,545.121617695093,NA,0.00127152013118449,2.03929924115621,-4.58245393978023,"28","plus","easy","beta","both"
NA,NA,NA,1.24924035477834,545.121617695093,NA,0.00127152013118449,2.03929924115621,-4.58245393978023,"28","plus","hard","beta","both"
NA,NA,NA,1.24924035477834,545.121617695093,NA,0.00127152013118449,2.03929924115621,-4.58245393978023,"28","plus","medium","beta","both"
NA,NA,NA,1.91829286541175,585.474510355412,NA,0.00123242321676892,2.83694449528282,-30.0187545791092,"30","minus","easy","beta","both"
NA,NA,NA,1.91829286541175,585.474510355412,NA,0.00123242321676892,2.83694449528282,-30.0187545791092,"30","minus","hard","beta","both"
NA,NA,NA,1.91829286541175,585.474510355412,NA,0.00123242321676892,2.83694449528282,-30.0187545791092,"30","minus","medium","beta","both"
NA,NA,NA,1.91829286541175,585.474510355412,NA,0.00123242321676892,2.83694449528282,-30.0187545791092,"30","plus","easy","beta","both"
NA,NA,NA,1.91829286541175,585.474510355412,NA,0.00123242321676892,2.83694449528282,-30.0187545791092,"30","plus","hard","beta","both"
NA,NA,NA,1.91829286541175,585.474510355412,NA,0.00123242321676892,2.83694449528282,-30.0187545791092,"30","plus","medium","beta","both"
NA,NA,NA,2.23062726387707,556.798906771737,NA,0.00178657141168208,2.15558324099801,27.6352796237916,"32","minus","easy","beta","both"
NA,NA,NA,2.23062726387707,556.798906771737,NA,0.00178657141168208,2.15558324099801,27.6352796237916,"32","minus","hard","beta","both"
NA,NA,NA,2.23062726387707,556.798906771737,NA,0.00178657141168208,2.15558324099801,27.6352796237916,"32","minus","medium","beta","both"
NA,NA,NA,2.23062726387707,556.798906771737,NA,0.00178657141168208,2.15558324099801,27.6352796237916,"32","plus","easy","beta","both"
NA,NA,NA,2.23062726387707,556.798906771737,NA,0.00178657141168208,2.15558324099801,27.6352796237916,"32","plus","hard","beta","both"
NA,NA,NA,2.23062726387707,556.798906771737,NA,0.00178657141168208,2.15558324099801,27.6352796237916,"32","plus","medium","beta","both"
NA,NA,NA,0.222312638426152,555.561308840493,NA,0.00116995588436276,1.86882409405196,-14.6473950446052,"33","minus","easy","beta","both"
NA,NA,NA,0.222312638426152,555.561308840493,NA,0.00116995588436276,1.86882409405196,-14.6473950446052,"33","minus","hard","beta","both"
NA,NA,NA,0.222312638426152,555.561308840493,NA,0.00116995588436276,1.86882409405196,-14.6473950446052,"33","minus","medium","beta","both"
NA,NA,NA,0.222312638426152,555.561308840493,NA,0.00116995588436276,1.86882409405196,-14.6473950446052,"33","plus","easy","beta","both"
NA,NA,NA,0.222312638426152,555.561308840493,NA,0.00116995588436276,1.86882409405196,-14.6473950446052,"33","plus","hard","beta","both"
NA,NA,NA,0.222312638426152,555.561308840493,NA,0.00116995588436276,1.86882409405196,-14.6473950446052,"33","plus","medium","beta","both"
NA,NA,NA,0.856190995539888,569.146226846752,NA,0.0013161139859329,1.9631099952152,6.0920918102966,"34","minus","easy","beta","both"
NA,NA,NA,0.856190995539888,569.146226846752,NA,0.0013161139859329,1.9631099952152,6.0920918102966,"34","minus","hard","beta","both"
NA,NA,NA,0.856190995539888,569.146226846752,NA,0.0013161139859329,1.9631099952152,6.0920918102966,"34","minus","medium","beta","both"
NA,NA,NA,0.856190995539888,569.146226846752,NA,0.0013161139859329,1.9631099952152,6.0920918102966,"34","plus","easy","beta","both"
NA,NA,NA,0.856190995539888,569.146226846752,NA,0.0013161139859329,1.9631099952152,6.0920918102966,"34","plus","hard","beta","both"
NA,NA,NA,0.856190995539888,569.146226846752,NA,0.0013161139859329,1.9631099952152,6.0920918102966,"34","plus","medium","beta","both"
NA,NA,NA,1.97075631234929,597.751719283737,NA,0.00120465417463391,1.51126722951701,7.82519532367587,"35","minus","easy","beta","both"
NA,NA,NA,1.97075631234929,597.751719283737,NA,0.00120465417463391,1.51126722951701,7.82519532367587,"35","minus","hard","beta","both"
NA,NA,NA,1.97075631234929,597.751719283737,NA,0.00120465417463391,1.51126722951701,7.82519532367587,"35","minus","medium","beta","both"
NA,NA,NA,1.97075631234929,597.751719283737,NA,0.00120465417463391,1.51126722951701,7.82519532367587,"35","plus","easy","beta","both"
NA,NA,NA,1.97075631234929,597.751719283737,NA,0.00120465417463391,1.51126722951701,7.82519532367587,"35","plus","hard","beta","both"
NA,NA,NA,1.97075631234929,597.751719283737,NA,0.00120465417463391,1.51126722951701,7.82519532367587,"35","plus","medium","beta","both"
NA,NA,NA,3.42567642190714,557.240262618038,NA,0.00141974549461295,3.64183820610582,35.365457634795,"36","minus","easy","beta","both"
NA,NA,NA,3.42567642190714,557.240262618038,NA,0.00141974549461295,3.64183820610582,35.365457634795,"36","minus","hard","beta","both"
NA,NA,NA,3.42567642190714,557.240262618038,NA,0.00141974549461295,3.64183820610582,35.365457634795,"36","minus","medium","beta","both"
NA,NA,NA,3.42567642190714,557.240262618038,NA,0.00141974549461295,3.64183820610582,35.365457634795,"36","plus","easy","beta","both"
NA,NA,NA,3.42567642190714,557.240262618038,NA,0.00141974549461295,3.64183820610582,35.365457634795,"36","plus","hard","beta","both"
NA,NA,NA,3.42567642190714,557.240262618038,NA,0.00141974549461295,3.64183820610582,35.365457634795,"36","plus","medium","beta","both"
NA,NA,NA,1.80042640272116,569.834749503359,NA,0.000905920584050786,1.8217269841216,15.0735374816617,"37","minus","easy","beta","both"
NA,NA,NA,1.80042640272116,569.834749503359,NA,0.000905920584050786,1.8217269841216,15.0735374816617,"37","minus","hard","beta","both"
NA,NA,NA,1.80042640272116,569.834749503359,NA,0.000905920584050786,1.8217269841216,15.0735374816617,"37","minus","medium","beta","both"
NA,NA,NA,1.80042640272116,569.834749503359,NA,0.000905920584050786,1.8217269841216,15.0735374816617,"37","plus","easy","beta","both"
NA,NA,NA,1.80042640272116,569.834749503359,NA,0.000905920584050786,1.8217269841216,15.0735374816617,"37","plus","hard","beta","both"
NA,NA,NA,1.80042640272116,569.834749503359,NA,0.000905920584050786,1.8217269841216,15.0735374816617,"37","plus","medium","beta","both"
NA,NA,NA,0.176266779914397,565.080751290055,NA,0.00134010176897319,3.17185464610625,33.7157438233714,"38","minus","easy","beta","both"
NA,NA,NA,0.176266779914397,565.080751290055,NA,0.00134010176897319,3.17185464610625,33.7157438233714,"38","minus","hard","beta","both"
NA,NA,NA,0.176266779914397,565.080751290055,NA,0.00134010176897319,3.17185464610625,33.7157438233714,"38","minus","medium","beta","both"
NA,NA,NA,0.176266779914397,565.080751290055,NA,0.00134010176897319,3.17185464610625,33.7157438233714,"38","plus","easy","beta","both"
NA,NA,NA,0.176266779914397,565.080751290055,NA,0.00134010176897319,3.17185464610625,33.7157438233714,"38","plus","hard","beta","both"
NA,NA,NA,0.176266779914397,565.080751290055,NA,0.00134010176897319,3.17185464610625,33.7157438233714,"38","plus","medium","beta","both"
NA,NA,NA,0.652500508629938,559.188847364086,NA,0.00110393728833745,1.88669551211936,9.33749902569182,"39","minus","easy","beta","both"
NA,NA,NA,0.652500508629938,559.188847364086,NA,0.00110393728833745,1.88669551211936,9.33749902569182,"39","minus","hard","beta","both"
NA,NA,NA,0.652500508629938,559.188847364086,NA,0.00110393728833745,1.88669551211936,9.33749902569182,"39","minus","medium","beta","both"
NA,NA,NA,0.652500508629938,559.188847364086,NA,0.00110393728833745,1.88669551211936,9.33749902569182,"39","plus","easy","beta","both"
NA,NA,NA,0.652500508629938,559.188847364086,NA,0.00110393728833745,1.88669551211936,9.33749902569182,"39","plus","hard","beta","both"
NA,NA,NA,0.652500508629938,559.188847364086,NA,0.00110393728833745,1.88669551211936,9.33749902569182,"39","plus","medium","beta","both"
NA,NA,NA,0.605170939633751,598.549915134643,NA,0.00157464680943581,0.707999099142741,-42.2087967313366,"4","minus","easy","beta","both"
NA,NA,NA,0.605170939633751,598.549915134643,NA,0.00157464680943581,0.707999099142741,-42.2087967313366,"4","minus","hard","beta","both"
NA,NA,NA,0.605170939633751,598.549915134643,NA,0.00157464680943581,0.707999099142741,-42.2087967313366,"4","minus","medium","beta","both"
NA,NA,NA,0.605170939633751,598.549915134643,NA,0.00157464680943581,0.707999099142741,-42.2087967313366,"4","plus","easy","beta","both"
NA,NA,NA,0.605170939633751,598.549915134643,NA,0.00157464680943581,0.707999099142741,-42.2087967313366,"4","plus","hard","beta","both"
NA,NA,NA,0.605170939633751,598.549915134643,NA,0.00157464680943581,0.707999099142741,-42.2087967313366,"4","plus","medium","beta","both"
NA,NA,NA,0.00303080679311479,587.786250142097,NA,0.00133026963070539,2.3899096805309,-1.80173073774694,"40","minus","easy","beta","both"
NA,NA,NA,0.00303080679311479,587.786250142097,NA,0.00133026963070539,2.3899096805309,-1.80173073774694,"40","minus","hard","beta","both"
NA,NA,NA,0.00303080679311479,587.786250142097,NA,0.00133026963070539,2.3899096805309,-1.80173073774694,"40","minus","medium","beta","both"
NA,NA,NA,0.00303080679311479,587.786250142097,NA,0.00133026963070539,2.3899096805309,-1.80173073774694,"40","plus","easy","beta","both"
NA,NA,NA,0.00303080679311479,587.786250142097,NA,0.00133026963070539,2.3899096805309,-1.80173073774694,"40","plus","hard","beta","both"
NA,NA,NA,0.00303080679311479,587.786250142097,NA,0.00133026963070539,2.3899096805309,-1.80173073774694,"40","plus","medium","beta","both"
NA,NA,NA,4.32844800033152,568.970195295579,NA,0.00156607437056879,1.23178395745418,27.9568717214059,"41","minus","easy","beta","both"
NA,NA,NA,4.32844800033152,568.970195295579,NA,0.00156607437056879,1.23178395745418,27.9568717214059,"41","minus","hard","beta","both"
NA,NA,NA,4.32844800033152,568.970195295579,NA,0.00156607437056879,1.23178395745418,27.9568717214059,"41","minus","medium","beta","both"
NA,NA,NA,4.32844800033152,568.970195295579,NA,0.00156607437056879,1.23178395745418,27.9568717214059,"41","plus","easy","beta","both"
NA,NA,NA,4.32844800033152,568.970195295579,NA,0.00156607437056879,1.23178395745418,27.9568717214059,"41","plus","hard","beta","both"
NA,NA,NA,4.32844800033152,568.970195295579,NA,0.00156607437056879,1.23178395745418,27.9568717214059,"41","plus","medium","beta","both"
NA,NA,NA,1.98751513156357,557.176483945746,NA,0.00136364437613855,0.146847230626033,-17.2826836170961,"43","minus","easy","beta","both"
NA,NA,NA,1.98751513156357,557.176483945746,NA,0.00136364437613855,0.146847230626033,-17.2826836170961,"43","minus","hard","beta","both"
NA,NA,NA,1.98751513156357,557.176483945746,NA,0.00136364437613855,0.146847230626033,-17.2826836170961,"43","minus","medium","beta","both"
NA,NA,NA,1.98751513156357,557.176483945746,NA,0.00136364437613855,0.146847230626033,-17.2826836170961,"43","plus","easy","beta","both"
NA,NA,NA,1.98751513156357,557.176483945746,NA,0.00136364437613855,0.146847230626033,-17.2826836170961,"43","plus","hard","beta","both"
NA,NA,NA,1.98751513156357,557.176483945746,NA,0.00136364437613855,0.146847230626033,-17.2826836170961,"43","plus","medium","beta","both"
NA,NA,NA,0.343312715128555,548.898462529674,NA,0.00136704702319919,2.08624710214239,13.7333622569834,"44","minus","easy","beta","both"
NA,NA,NA,0.343312715128555,548.898462529674,NA,0.00136704702319919,2.08624710214239,13.7333622569834,"44","minus","hard","beta","both"
NA,NA,NA,0.343312715128555,548.898462529674,NA,0.00136704702319919,2.08624710214239,13.7333622569834,"44","minus","medium","beta","both"
NA,NA,NA,0.343312715128555,548.898462529674,NA,0.00136704702319919,2.08624710214239,13.7333622569834,"44","plus","easy","beta","both"
NA,NA,NA,0.343312715128555,548.898462529674,NA,0.00136704702319919,2.08624710214239,13.7333622569834,"44","plus","hard","beta","both"
NA,NA,NA,0.343312715128555,548.898462529674,NA,0.00136704702319919,2.08624710214239,13.7333622569834,"44","plus","medium","beta","both"
NA,NA,NA,0.259315561923262,610.824842563211,NA,0.00142856266816962,1.39317377444961,-28.1374028051126,"45","minus","easy","beta","both"
NA,NA,NA,0.259315561923262,610.824842563211,NA,0.00142856266816962,1.39317377444961,-28.1374028051126,"45","minus","hard","beta","both"
NA,NA,NA,0.259315561923262,610.824842563211,NA,0.00142856266816962,1.39317377444961,-28.1374028051126,"45","minus","medium","beta","both"
NA,NA,NA,0.259315561923262,610.824842563211,NA,0.00142856266816962,1.39317377444961,-28.1374028051126,"45","plus","easy","beta","both"
NA,NA,NA,0.259315561923262,610.824842563211,NA,0.00142856266816962,1.39317377444961,-28.1374028051126,"45","plus","hard","beta","both"
NA,NA,NA,0.259315561923262,610.824842563211,NA,0.00142856266816962,1.39317377444961,-28.1374028051126,"45","plus","medium","beta","both"
NA,NA,NA,2.31131422026252,540.54098715289,NA,0.00133000618913732,3.11323592411266,-6.63424048883212,"47","minus","easy","beta","both"
NA,NA,NA,2.31131422026252,540.54098715289,NA,0.00133000618913732,3.11323592411266,-6.63424048883212,"47","minus","hard","beta","both"
NA,NA,NA,2.31131422026252,540.54098715289,NA,0.00133000618913732,3.11323592411266,-6.63424048883212,"47","minus","medium","beta","both"
NA,NA,NA,2.31131422026252,540.54098715289,NA,0.00133000618913732,3.11323592411266,-6.63424048883212,"47","plus","easy","beta","both"
NA,NA,NA,2.31131422026252,540.54098715289,NA,0.00133000618913732,3.11323592411266,-6.63424048883212,"47","plus","hard","beta","both"
NA,NA,NA,2.31131422026252,540.54098715289,NA,0.00133000618913732,3.11323592411266,-6.63424048883212,"47","plus","medium","beta","both"
NA,NA,NA,0.168310346232854,564.867283299535,NA,0.00135432795397769,3.32023798563694,44.7399337232481,"48","minus","easy","beta","both"
NA,NA,NA,0.168310346232854,564.867283299535,NA,0.00135432795397769,3.32023798563694,44.7399337232481,"48","minus","hard","beta","both"
NA,NA,NA,0.168310346232854,564.867283299535,NA,0.00135432795397769,3.32023798563694,44.7399337232481,"48","minus","medium","beta","both"
NA,NA,NA,0.168310346232854,564.867283299535,NA,0.00135432795397769,3.32023798563694,44.7399337232481,"48","plus","easy","beta","both"
NA,NA,NA,0.168310346232854,564.867283299535,NA,0.00135432795397769,3.32023798563694,44.7399337232481,"48","plus","hard","beta","both"
NA,NA,NA,0.168310346232854,564.867283299535,NA,0.00135432795397769,3.32023798563694,44.7399337232481,"48","plus","medium","beta","both"
NA,NA,NA,2.7756047902798,597.203683058161,NA,0.00187230450285359,3.04662280267896,29.072789299538,"49","minus","easy","beta","both"
NA,NA,NA,2.7756047902798,597.203683058161,NA,0.00187230450285359,3.04662280267896,29.072789299538,"49","minus","hard","beta","both"
NA,NA,NA,2.7756047902798,597.203683058161,NA,0.00187230450285359,3.04662280267896,29.072789299538,"49","minus","medium","beta","both"
NA,NA,NA,2.7756047902798,597.203683058161,NA,0.00187230450285359,3.04662280267896,29.072789299538,"49","plus","easy","beta","both"
NA,NA,NA,2.7756047902798,597.203683058161,NA,0.00187230450285359,3.04662280267896,29.072789299538,"49","plus","hard","beta","both"
NA,NA,NA,2.7756047902798,597.203683058161,NA,0.00187230450285359,3.04662280267896,29.072789299538,"49","plus","medium","beta","both"
NA,NA,NA,0.407267681899313,604.611121955014,NA,0.00153189591812358,1.43630392318923,12.9318237814596,"5","minus","easy","beta","both"
NA,NA,NA,0.407267681899313,604.611121955014,NA,0.00153189591812358,1.43630392318923,12.9318237814596,"5","minus","hard","beta","both"
NA,NA,NA,0.407267681899313,604.611121955014,NA,0.00153189591812358,1.43630392318923,12.9318237814596,"5","minus","medium","beta","both"
NA,NA,NA,0.407267681899313,604.611121955014,NA,0.00153189591812358,1.43630392318923,12.9318237814596,"5","plus","easy","beta","both"
NA,NA,NA,0.407267681899313,604.611121955014,NA,0.00153189591812358,1.43630392318923,12.9318237814596,"5","plus","hard","beta","both"
NA,NA,NA,0.407267681899313,604.611121955014,NA,0.00153189591812358,1.43630392318923,12.9318237814596,"5","plus","medium","beta","both"
NA,NA,NA,0.852734748875393,538.400790200569,NA,0.0013319056226504,1.27786582920802,41.0798025493344,"50","minus","easy","beta","both"
NA,NA,NA,0.852734748875393,538.400790200569,NA,0.0013319056226504,1.27786582920802,41.0798025493344,"50","minus","hard","beta","both"
NA,NA,NA,0.852734748875393,538.400790200569,NA,0.0013319056226504,1.27786582920802,41.0798025493344,"50","minus","medium","beta","both"
NA,NA,NA,0.852734748875393,538.400790200569,NA,0.0013319056226504,1.27786582920802,41.0798025493344,"50","plus","easy","beta","both"
NA,NA,NA,0.852734748875393,538.400790200569,NA,0.0013319056226504,1.27786582920802,41.0798025493344,"50","plus","hard","beta","both"
NA,NA,NA,0.852734748875393,538.400790200569,NA,0.0013319056226504,1.27786582920802,41.0798025493344,"50","plus","medium","beta","both"
NA,NA,NA,1.13092631564065,594.74903289142,NA,0.00129815087510081,1.14018672694579,-23.9721630076137,"52","minus","easy","beta","both"
NA,NA,NA,1.13092631564065,594.74903289142,NA,0.00129815087510081,1.14018672694579,-23.9721630076137,"52","minus","hard","beta","both"
NA,NA,NA,1.13092631564065,594.74903289142,NA,0.00129815087510081,1.14018672694579,-23.9721630076137,"52","minus","medium","beta","both"
NA,NA,NA,1.13092631564065,594.74903289142,NA,0.00129815087510081,1.14018672694579,-23.9721630076137,"52","plus","easy","beta","both"
NA,NA,NA,1.13092631564065,594.74903289142,NA,0.00129815087510081,1.14018672694579,-23.9721630076137,"52","plus","hard","beta","both"
NA,NA,NA,1.13092631564065,594.74903289142,NA,0.00129815087510081,1.14018672694579,-23.9721630076137,"52","plus","medium","beta","both"
NA,NA,NA,0.575247369789212,643.404256130081,NA,0.00153153603965587,1.60619223781818,-23.6283993075727,"53","minus","easy","beta","both"
NA,NA,NA,0.575247369789212,643.404256130081,NA,0.00153153603965587,1.60619223781818,-23.6283993075727,"53","minus","hard","beta","both"
NA,NA,NA,0.575247369789212,643.404256130081,NA,0.00153153603965587,1.60619223781818,-23.6283993075727,"53","minus","medium","beta","both"
NA,NA,NA,0.575247369789212,643.404256130081,NA,0.00153153603965587,1.60619223781818,-23.6283993075727,"53","plus","easy","beta","both"
NA,NA,NA,0.575247369789212,643.404256130081,NA,0.00153153603965587,1.60619223781818,-23.6283993075727,"53","plus","hard","beta","both"
NA,NA,NA,0.575247369789212,643.404256130081,NA,0.00153153603965587,1.60619223781818,-23.6283993075727,"53","plus","medium","beta","both"
NA,NA,NA,1.64388318524835,500.194429681825,NA,0.00166204722274484,1.03429958344161,26.0493688109746,"54","minus","easy","beta","both"
NA,NA,NA,1.64388318524835,500.194429681825,NA,0.00166204722274484,1.03429958344161,26.0493688109746,"54","minus","hard","beta","both"
NA,NA,NA,1.64388318524835,500.194429681825,NA,0.00166204722274484,1.03429958344161,26.0493688109746,"54","minus","medium","beta","both"
NA,NA,NA,1.64388318524835,500.194429681825,NA,0.00166204722274484,1.03429958344161,26.0493688109746,"54","plus","easy","beta","both"
NA,NA,NA,1.64388318524835,500.194429681825,NA,0.00166204722274484,1.03429958344161,26.0493688109746,"54","plus","hard","beta","both"
NA,NA,NA,1.64388318524835,500.194429681825,NA,0.00166204722274484,1.03429958344161,26.0493688109746,"54","plus","medium","beta","both"
NA,NA,NA,0.211467222125637,689.45625004446,NA,0.00137619779608985,2.00771145025118,-4.95040110816571,"55","minus","easy","beta","both"
NA,NA,NA,0.211467222125637,689.45625004446,NA,0.00137619779608985,2.00771145025118,-4.95040110816571,"55","minus","hard","beta","both"
NA,NA,NA,0.211467222125637,689.45625004446,NA,0.00137619779608985,2.00771145025118,-4.95040110816571,"55","minus","medium","beta","both"
NA,NA,NA,0.211467222125637,689.45625004446,NA,0.00137619779608985,2.00771145025118,-4.95040110816571,"55","plus","easy","beta","both"
NA,NA,NA,0.211467222125637,689.45625004446,NA,0.00137619779608985,2.00771145025118,-4.95040110816571,"55","plus","hard","beta","both"
NA,NA,NA,0.211467222125637,689.45625004446,NA,0.00137619779608985,2.00771145025118,-4.95040110816571,"55","plus","medium","beta","both"
NA,NA,NA,0.819327671942127,645.021226783473,NA,0.00149879339858788,0.495452852919698,-16.610292392018,"56","minus","easy","beta","both"
NA,NA,NA,0.819327671942127,645.021226783473,NA,0.00149879339858788,0.495452852919698,-16.610292392018,"56","minus","hard","beta","both"
NA,NA,NA,0.819327671942127,645.021226783473,NA,0.00149879339858788,0.495452852919698,-16.610292392018,"56","minus","medium","beta","both"
NA,NA,NA,0.819327671942127,645.021226783473,NA,0.00149879339858788,0.495452852919698,-16.610292392018,"56","plus","easy","beta","both"
NA,NA,NA,0.819327671942127,645.021226783473,NA,0.00149879339858788,0.495452852919698,-16.610292392018,"56","plus","hard","beta","both"
NA,NA,NA,0.819327671942127,645.021226783473,NA,0.00149879339858788,0.495452852919698,-16.610292392018,"56","plus","medium","beta","both"
NA,NA,NA,0.701089964771585,567.009124657269,NA,0.0011654593756889,0.713262333074527,-12.8255632235854,"57","minus","easy","beta","both"
NA,NA,NA,0.701089964771585,567.009124657269,NA,0.0011654593756889,0.713262333074527,-12.8255632235854,"57","minus","hard","beta","both"
NA,NA,NA,0.701089964771585,567.009124657269,NA,0.0011654593756889,0.713262333074527,-12.8255632235854,"57","minus","medium","beta","both"
NA,NA,NA,0.701089964771585,567.009124657269,NA,0.0011654593756889,0.713262333074527,-12.8255632235854,"57","plus","easy","beta","both"
NA,NA,NA,0.701089964771585,567.009124657269,NA,0.0011654593756889,0.713262333074527,-12.8255632235854,"57","plus","hard","beta","both"
NA,NA,NA,0.701089964771585,567.009124657269,NA,0.0011654593756889,0.713262333074527,-12.8255632235854,"57","plus","medium","beta","both"
NA,NA,NA,0.0459536295136897,619.012671414038,NA,0.00142261713688034,2.13373025101697,-34.9958669340302,"58","minus","easy","beta","both"
NA,NA,NA,0.0459536295136897,619.012671414038,NA,0.00142261713688034,2.13373025101697,-34.9958669340302,"58","minus","hard","beta","both"
NA,NA,NA,0.0459536295136897,619.012671414038,NA,0.00142261713688034,2.13373025101697,-34.9958669340302,"58","minus","medium","beta","both"
NA,NA,NA,0.0459536295136897,619.012671414038,NA,0.00142261713688034,2.13373025101697,-34.9958669340302,"58","plus","easy","beta","both"
NA,NA,NA,0.0459536295136897,619.012671414038,NA,0.00142261713688034,2.13373025101697,-34.9958669340302,"58","plus","hard","beta","both"
NA,NA,NA,0.0459536295136897,619.012671414038,NA,0.00142261713688034,2.13373025101697,-34.9958669340302,"58","plus","medium","beta","both"
NA,NA,NA,4.76535700452151,535.449727238475,NA,0.000960113180958275,0.0184081763542814,-24.0409559904724,"59","minus","easy","beta","both"
NA,NA,NA,4.76535700452151,535.449727238475,NA,0.000960113180958275,0.0184081763542814,-24.0409559904724,"59","minus","hard","beta","both"
NA,NA,NA,4.76535700452151,535.449727238475,NA,0.000960113180958275,0.0184081763542814,-24.0409559904724,"59","minus","medium","beta","both"
NA,NA,NA,4.76535700452151,535.449727238475,NA,0.000960113180958275,0.0184081763542814,-24.0409559904724,"59","plus","easy","beta","both"
NA,NA,NA,4.76535700452151,535.449727238475,NA,0.000960113180958275,0.0184081763542814,-24.0409559904724,"59","plus","hard","beta","both"
NA,NA,NA,4.76535700452151,535.449727238475,NA,0.000960113180958275,0.0184081763542814,-24.0409559904724,"59","plus","medium","beta","both"
NA,NA,NA,1.83638405747047,602.749509662627,NA,0.00117780844151748,1.86231511628994,-20.9576889811683,"60","minus","easy","beta","both"
NA,NA,NA,1.83638405747047,602.749509662627,NA,0.00117780844151748,1.86231511628994,-20.9576889811683,"60","minus","hard","beta","both"
NA,NA,NA,1.83638405747047,602.749509662627,NA,0.00117780844151748,1.86231511628994,-20.9576889811683,"60","minus","medium","beta","both"
NA,NA,NA,1.83638405747047,602.749509662627,NA,0.00117780844151748,1.86231511628994,-20.9576889811683,"60","plus","easy","beta","both"
NA,NA,NA,1.83638405747047,602.749509662627,NA,0.00117780844151748,1.86231511628994,-20.9576889811683,"60","plus","hard","beta","both"
NA,NA,NA,1.83638405747047,602.749509662627,NA,0.00117780844151748,1.86231511628994,-20.9576889811683,"60","plus","medium","beta","both"
NA,NA,NA,0.556388404220343,627.939886454748,NA,0.00133743753119809,1.98509549564258,40.073450068568,"61","minus","easy","beta","both"
NA,NA,NA,0.556388404220343,627.939886454748,NA,0.00133743753119809,1.98509549564258,40.073450068568,"61","minus","hard","beta","both"
NA,NA,NA,0.556388404220343,627.939886454748,NA,0.00133743753119809,1.98509549564258,40.073450068568,"61","minus","medium","beta","both"
NA,NA,NA,0.556388404220343,627.939886454748,NA,0.00133743753119809,1.98509549564258,40.073450068568,"61","plus","easy","beta","both"
NA,NA,NA,0.556388404220343,627.939886454748,NA,0.00133743753119809,1.98509549564258,40.073450068568,"61","plus","hard","beta","both"
NA,NA,NA,0.556388404220343,627.939886454748,NA,0.00133743753119809,1.98509549564258,40.073450068568,"61","plus","medium","beta","both"
NA,NA,NA,3.09316932544252,602.53960500311,NA,0.00151773824310775,0.0239786517074206,25.6394012904957,"63","minus","easy","beta","both"
NA,NA,NA,3.09316932544252,602.53960500311,NA,0.00151773824310775,0.0239786517074206,25.6394012904957,"63","minus","hard","beta","both"
NA,NA,NA,3.09316932544252,602.53960500311,NA,0.00151773824310775,0.0239786517074206,25.6394012904957,"63","minus","medium","beta","both"
NA,NA,NA,3.09316932544252,602.53960500311,NA,0.00151773824310775,0.0239786517074206,25.6394012904957,"63","plus","easy","beta","both"
NA,NA,NA,3.09316932544252,602.53960500311,NA,0.00151773824310775,0.0239786517074206,25.6394012904957,"63","plus","hard","beta","both"
NA,NA,NA,3.09316932544252,602.53960500311,NA,0.00151773824310775,0.0239786517074206,25.6394012904957,"63","plus","medium","beta","both"
NA,NA,NA,0.437432027760132,584.856758470463,NA,0.00148885181228181,2.17382522841852,35.8988019154293,"66","minus","easy","beta","both"
NA,NA,NA,0.437432027760132,584.856758470463,NA,0.00148885181228181,2.17382522841852,35.8988019154293,"66","minus","hard","beta","both"
NA,NA,NA,0.437432027760132,584.856758470463,NA,0.00148885181228181,2.17382522841852,35.8988019154293,"66","minus","medium","beta","both"
NA,NA,NA,0.437432027760132,584.856758470463,NA,0.00148885181228181,2.17382522841852,35.8988019154293,"66","plus","easy","beta","both"
NA,NA,NA,0.437432027760132,584.856758470463,NA,0.00148885181228181,2.17382522841852,35.8988019154293,"66","plus","hard","beta","both"
NA,NA,NA,0.437432027760132,584.856758470463,NA,0.00148885181228181,2.17382522841852,35.8988019154293,"66","plus","medium","beta","both"
NA,NA,NA,2.55248173843188,574.621152937787,NA,0.00118364142769052,0.891051342774509,8.05926544669682,"69","minus","easy","beta","both"
NA,NA,NA,2.55248173843188,574.621152937787,NA,0.00118364142769052,0.891051342774509,8.05926544669682,"69","minus","hard","beta","both"
NA,NA,NA,2.55248173843188,574.621152937787,NA,0.00118364142769052,0.891051342774509,8.05926544669682,"69","minus","medium","beta","both"
NA,NA,NA,2.55248173843188,574.621152937787,NA,0.00118364142769052,0.891051342774509,8.05926544669682,"69","plus","easy","beta","both"
NA,NA,NA,2.55248173843188,574.621152937787,NA,0.00118364142769052,0.891051342774509,8.05926544669682,"69","plus","hard","beta","both"
NA,NA,NA,2.55248173843188,574.621152937787,NA,0.00118364142769052,0.891051342774509,8.05926544669682,"69","plus","medium","beta","both"
NA,NA,NA,1.13510635767002,541.924517947481,NA,0.00118298461882153,0.256365172636346,-13.808857065738,"7","minus","easy","beta","both"
NA,NA,NA,1.13510635767002,541.924517947481,NA,0.00118298461882153,0.256365172636346,-13.808857065738,"7","minus","hard","beta","both"
NA,NA,NA,1.13510635767002,541.924517947481,NA,0.00118298461882153,0.256365172636346,-13.808857065738,"7","minus","medium","beta","both"
NA,NA,NA,1.13510635767002,541.924517947481,NA,0.00118298461882153,0.256365172636346,-13.808857065738,"7","plus","easy","beta","both"
NA,NA,NA,1.13510635767002,541.924517947481,NA,0.00118298461882153,0.256365172636346,-13.808857065738,"7","plus","hard","beta","both"
NA,NA,NA,1.13510635767002,541.924517947481,NA,0.00118298461882153,0.256365172636346,-13.808857065738,"7","plus","medium","beta","both"
NA,NA,NA,3.57198008476221,522.497141154939,NA,0.00126072469277105,3.24596630201346,29.051823708312,"70","minus","easy","beta","both"
NA,NA,NA,3.57198008476221,522.497141154939,NA,0.00126072469277105,3.24596630201346,29.051823708312,"70","minus","hard","beta","both"
NA,NA,NA,3.57198008476221,522.497141154939,NA,0.00126072469277105,3.24596630201346,29.051823708312,"70","minus","medium","beta","both"
NA,NA,NA,3.57198008476221,522.497141154939,NA,0.00126072469277105,3.24596630201346,29.051823708312,"70","plus","easy","beta","both"
NA,NA,NA,3.57198008476221,522.497141154939,NA,0.00126072469277105,3.24596630201346,29.051823708312,"70","plus","hard","beta","both"
NA,NA,NA,3.57198008476221,522.497141154939,NA,0.00126072469277105,3.24596630201346,29.051823708312,"70","plus","medium","beta","both"
NA,NA,NA,0.0821319444149156,586.887566783122,NA,0.00140704567547517,3.48527785225904,32.5340477139581,"72","minus","easy","beta","both"
NA,NA,NA,0.0821319444149156,586.887566783122,NA,0.00140704567547517,3.48527785225904,32.5340477139581,"72","minus","hard","beta","both"
NA,NA,NA,0.0821319444149156,586.887566783122,NA,0.00140704567547517,3.48527785225904,32.5340477139581,"72","minus","medium","beta","both"
NA,NA,NA,0.0821319444149156,586.887566783122,NA,0.00140704567547517,3.48527785225904,32.5340477139581,"72","plus","easy","beta","both"
NA,NA,NA,0.0821319444149156,586.887566783122,NA,0.00140704567547517,3.48527785225904,32.5340477139581,"72","plus","hard","beta","both"
NA,NA,NA,0.0821319444149156,586.887566783122,NA,0.00140704567547517,3.48527785225904,32.5340477139581,"72","plus","medium","beta","both"
NA,NA,NA,0.0594141805647846,553.88795832463,NA,0.00189760225524633,2.3651103565777,-26.5507772168375,"74","minus","easy","beta","both"
NA,NA,NA,0.0594141805647846,553.88795832463,NA,0.00189760225524633,2.3651103565777,-26.5507772168375,"74","minus","hard","beta","both"
NA,NA,NA,0.0594141805647846,553.88795832463,NA,0.00189760225524633,2.3651103565777,-26.5507772168375,"74","minus","medium","beta","both"
NA,NA,NA,0.0594141805647846,553.88795832463,NA,0.00189760225524633,2.3651103565777,-26.5507772168375,"74","plus","easy","beta","both"
NA,NA,NA,0.0594141805647846,553.88795832463,NA,0.00189760225524633,2.3651103565777,-26.5507772168375,"74","plus","hard","beta","both"
NA,NA,NA,0.0594141805647846,553.88795832463,NA,0.00189760225524633,2.3651103565777,-26.5507772168375,"74","plus","medium","beta","both"
NA,NA,NA,0.0415160283364336,592.543739617853,NA,0.00152064516688998,3.35270283716506,1.60088429270375,"8","minus","easy","beta","both"
NA,NA,NA,0.0415160283364336,592.543739617853,NA,0.00152064516688998,3.35270283716506,1.60088429270375,"8","minus","hard","beta","both"
NA,NA,NA,0.0415160283364336,592.543739617853,NA,0.00152064516688998,3.35270283716506,1.60088429270375,"8","minus","medium","beta","both"
NA,NA,NA,0.0415160283364336,592.543739617853,NA,0.00152064516688998,3.35270283716506,1.60088429270375,"8","plus","easy","beta","both"
NA,NA,NA,0.0415160283364336,592.543739617853,NA,0.00152064516688998,3.35270283716506,1.60088429270375,"8","plus","hard","beta","both"
NA,NA,NA,0.0415160283364336,592.543739617853,NA,0.00152064516688998,3.35270283716506,1.60088429270375,"8","plus","medium","beta","both"
